"а-а-а","aaa","aa",,,,,,,,,,,,,,,,,,,,,,,,,,,,,,,,,,
"ав","av","gav",,,,,,,,,,,,,,,,,,,,,,,,,,,,,,,,,,
"алё","allo",,,,,,,,,,,,,,,,,,,,,,,,,,,,,,,,,,,
"ам-ам/ням-ням","am","mmm",,,,,,,,,,,,,,,,,,,,,,,,,,,,,,,,,,
"бе","be",,,,,,,,,,,,,,,,,,,,,,,,,,,,,,,,,,,
"биби","bibi",,,,,,,,,,,,,,,,,,,,,,,,,,,,,,,,,,,
"бл-бл","bl-bl",,,,,,,,,,,,,,,,,,,,,,,,,,,,,,,,,,,
"брр/ввв и т.п.","brr",,,,,,,,,,,,,,,,,,,,,,,,,,,,,,,,,,,
"бух/бах/бам","bux","buxbax",,,,,,,,,,,,,,,,,,,,,,,,,,,,,,,,,,
"га-га","ga",,,,,,,,,,,,,,,,,,,,,,,,,,,,,,,,,,,
"динь-динь","dindin",,,,,,,,,,,,,,,,,,,,,,,,,,,,,,,,,,,
"жж","zh","zhzhzh",,,,,,,,,,,,,,,,,,,,,,,,,,,,,,,,,,
"иа","eeya",,,,,,,,,,,,,,,,,,,,,,,,,,,,,,,,,,,
"иго-го/цока-ющий звук","eegogo",,,,,,,,,,,,,,,,,,,,,,,,,,,,,,,,,,,
"кап-кап","kap-kap",,,,,,,,,,,,,,,,,,,,,,,,,,,,,,,,,,,
"кар","kar","karrr",,,,,,,,,,,,,,,,,,,,,,,,,,,,,,,,,,
"ква","kva",,,,,,,,,,,,,,,,,,,,,,,,,,,,,,,,,,,
"ко-ко","ko",,,,,,,,,,,,,,,,,,,,,,,,,,,,,,,,,,,
"кря","krja",,,,,,,,,,,,,,,,,,,,,,,,,,,,,,,,,,,
"кукареку","kukareku",,,,,,,,,,,,,,,,,,,,,,,,,,,,,,,,,,,
"ля-ля-ля","lja",,,,,,,,,,,,,,,,,,,,,,,,,,,,,,,,,,,
"ме","me","mme",,,,,,,,,,,,,,,,,,,,,,,,,,,,,,,,,,
"му","mu","muu",,,,,,,,,,,,,,,,,,,,,,,,,,,,,,,,,,
"мяу","mjau",,,,,,,,,,,,,,,,,,,,,,,,,,,,,,,,,,,
"пи-пи","pi-pi",,,,,,,,,,,,,,,,,,,,,,,,,,,,,,,,,,,
"прыг","pryg",,,,,,,,,,,,,,,,,,,,,,,,,,,,,,,,,,,
"ррр","rrr",,,,,,,,,,,,,,,,,,,,,,,,,,,,,,,,,,,
"тик-так","tik","tiktak",,,,,,,,,,,,,,,,,,,,,,,,,,,,,,,,,,
"топ-топ","toptop",,,,,,,,,,,,,,,,,,,,,,,,,,,,,,,,,,,
"тсс","tss",,,,,,,,,,,,,,,,,,,,,,,,,,,,,,,,,,,
"тук-тук","tuk",,,,,,,,,,,,,,,,,,,,,,,,,,,,,,,,,,,
"ту-ту/чух-чух","chu","chox",,,,,,,,,,,,,,,,,,,,,,,,,,,,,,,,,,
"уу","u","uuu",,,,,,,,,,,,,,,,,,,,,,,,,,,,,,,,,,
"фу","fu",,,,,,,,,,,,,,,,,,,,,,,,,,,,,,,,,,,
"хрр/хрю","xrju",,,,,,,,,,,,,,,,,,,,,,,,,,,,,,,,,,,
"чик","chik",,,,,,,,,,,,,,,,,,,,,,,,,,,,,,,,,,,
"шш","sh","psht",,,,,,,,,,,,,,,,,,,,,,,,,,,,,,,,,,
"Бабочка","babochek","babochekto","babochka","babochki","babochku",,,,,,,,,,,,,,,,,,,,,,,,,,,,,,,
"баран","baran",,,,,,,,,,,,,,,,,,,,,,,,,,,,,,,,,,,
"бегемот","begemot",,,,,,,,,,,,,,,,,,,,,,,,,,,,,,,,,,,
"белка","belka","belochka","belochki",,,,,,,,,,,,,,,,,,,,,,,,,,,,,,,,,
"волк","volk",,,,,,,,,,,,,,,,,,,,,,,,,,,,,,,,,,,
"воробей","vorobej","vorobushka","vorobyshek","vorobyshki",,,,,,,,,,,,,,,,,,,,,,,,,,,,,,,,
"ворона","vorona","vorony",,,,,,,,,,,,,,,,,,,,,,,,,,,,,,,,,,
"голубь","golubi",,,,,,,,,,,,,,,,,,,,,,,,,,,,,,,,,,,
"гусь","gusi","gusja",,,,,,,,,,,,,,,,,,,,,,,,,,,,,,,,,,
"ёж","jozh",,,,,,,,,,,,,,,,,,,,,,,,,,,,,,,,,,,
"жираф","zhiraf","zhirafy",,,,,,,,,,,,,,,,,,,,,,,,,,,,,,,,,,
"жук","zhuka",,,,,,,,,,,,,,,,,,,,,,,,,,,,,,,,,,,
"заяц","zajac","zajchenysh","zajchik","zajchika","zajchika","zajchiki","zajchikom","zajchishka","zajchishkoj","zajchonok","zajcy","zajka","zajku",,,,,,,,,,,,,,,,,,,,,,,
"звери","zverej","zveri","zverjushka",,,,,,,,,,,,,,,,,,,,,,,,,,,,,,,,,
"змея","zmeja","zmeju",,,,,,,,,,,,,,,,,,,,,,,,,,,,,,,,,,
"коза","koza","kozlik","kozlom","kozochka","kozochke","kozoj",,,,,,,,,,,,,,,,,,,,,,,,,,,,,,
"комар","komar","komary",,,,,,,,,,,,,,,,,,,,,,,,,,,,,,,,,,
"конь","kon'","konik",,,,,,,,,,,,,,,,,,,,,,,,,,,,,,,,,,
"корова","korova","korovka","korovu","korovy",,,,,,,,,,,,,,,,,,,,,,,,,,,,,,,,
"кошка","koshka","koshke","koshki","koshku","kosichki","kot","kotik","kotika","kotjatami","kotjatki","kotjatok",,,,,,,,,,,,,,,,,,,,,,,,,
"крокодил","krokodil","krokodil'chik","krokodil'chikov","krokodila","krokodily",,,,,,,,,,,,,,,,,,,,,,,,,,,,,,,
"курица","kurice","kuricu","kurochka","kurochki",,,,,,,,,,,,,,,,,,,,,,,,,,,,,,,,
"лев","lev",,,,,,,,,,,,,,,,,,,,,,,,,,,,,,,,,,,
"лиса","lisa","lisenka","lisichka","lisjata","lisjatki","lisjatochki","lisoj",,,,,,,,,,,,,,,,,,,,,,,,,,,,,
"лошадь","loshad'","loshadej","loshadi","loshadka","loshadkax","loshadke","loshadki","loshadkoj","loshadku","loshadok",,,,,,,,,,,,,,,,,,,,,,,,,,
"лягушка","kvakushka","ljagushka","ljagushke","ljagushki","ljagushku","kosichku",,,,,,,,,,,,,,,,,,,,,,,,,,,,,,
"медведь","medved'","medvedja","medvedju","medvezhonka",,,,,,,,,,,,,,,,,,,,,,,,,,,,,,,,
"муха","mux","muxa","muxi",,,,,,,,,,,,,,,,,,,,,,,,,,,,,,,,,
"мышка","myshek","myshka","myshke","myshki","myshkoj","myshomok","myshonka","myshonkom","myshonok",,,,,,,,,,,,,,,,,,,,,,,,,,,
"обезьяна","obes'jana","obez'jana","obez'jane","obez'janka","obez'janke","obez'janki","obez'jankin","obez'jankoj","obez'janku","obez'janu","obez'jany",,,,,,,,,,,,,,,,,,,,,,,,,
"овечка","ovechka",,,,,,,,,,,,,,,,,,,,,,,,,,,,,,,,,,,
"ослик","oslik","oslika",,,,,,,,,,,,,,,,,,,,,,,,,,,,,,,,,,
"петух","petushka","petushok","petuxa","petuxom",,,,,,,,,,,,,,,,,,,,,,,,,,,,,,,,
"поросенок","porosenka","porosenke","porosenkov","porosenok","porosjat","porosjata","porosjonok",,,,,,,,,,,,,,,,,,,,,,,,,,,,,
"птичка","ptica","ptichek","ptichka","ptichki","ptichkiny","ptichku","ptici","pticu",,,,,,,,,,,,,,,,,,,,,,,,,,,,
"рыбка","ryb","ryba","rybka","rybki","rybkov","rybku","rybu","ryby",,,,,,,,,,,,,,,,,,,,,,,,,,,,
"свинка","svinjusha",,,,,,,,,,,,,,,,,,,,,,,,,,,,,,,,,,,
"слон","slon","slona","slonik","slonika",,,,,,,,,,,,,,,,,,,,,,,,,,,,,,,,
"собака","sobachek","sobachka","sobachkam","sobachke","sobachki","sobachkina","sobachkoj","sobachku","sobak","sobaka","sobake","sobaki","sobakina","sobakoj","sobaku","dog","dogo","doginy",,,,,,,,,,,,,,,,,,
"сова","sova",,,,,,,,,,,,,,,,,,,,,,,,,,,,,,,,,,,
"тигр","tigr","tigra","tigry",,,,,,,,,,,,,,,,,,,,,,,,,,,,,,,,,
"утка","utjata","utjatki","utka","utkiny","utku","utochka","utochke","utochki","utochku",,,,,,,,,,,,,,,,,,,,,,,,,,,
"цыпленок","cypljatki","cypljonok",,,,,,,,,,,,,,,,,,,,,,,,,,,,,,,,,,
"черепаха","cherepaxa",,,,,,,,,,,,,,,,,,,,,,,,,,,,,,,,,,,
"автобус","avtobus","trollejbuse",,,,,,,,,,,,,,,,,,,,,,,,,,,,,,,,,,
"велосипед","velosiped","velosipede","siped","sipede","sipedik","sipedike",,,,,,,,,,,,,,,,,,,,,,,,,,,,,,
"вертолет","vertolet",,,,,,,,,,,,,,,,,,,,,,,,,,,,,,,,,,,
"грузовик","gruzovika",,,,,,,,,,,,,,,,,,,,,,,,,,,,,,,,,,,
"коляска","koljaska","koljaskbe","koljaske","koljaskoj","koljasku","koljasochke",,,,,,,,,,,,,,,,,,,,,,,,,,,,,,
"кораблик","korablik",,,,,,,,,,,,,,,,,,,,,,,,,,,,,,,,,,,
"машина","mashin","mashina","mashine","mashinka","mashinke","mashinu","mashiny",,,,,,,,,,,,,,,,,,,,,,,,,,,,,
"паровоз","paravozik","parovozik","parovozike",,,,,,,,,,,,,,,,,,,,,,,,,,,,,,,,,
"поезд","poezd",,,,,,,,,,,,,,,,,,,,,,,,,,,,,,,,,,,
"самолет","samolete",,,,,,,,,,,,,,,,,,,,,,,,,,,,,,,,,,,
"санки","sankax","sanke",,,,,,,,,,,,,,,,,,,,,,,,,,,,,,,,,,
"трактор","traktor",,,,,,,,,,,,,,,,,,,,,,,,,,,,,,,,,,,
"альбом","al'bom",,,,,,,,,,,,,,,,,,,,,,,,,,,,,,,,,,,
"ведро","vedryshko",,,,,,,,,,,,,,,,,,,,,,,,,,,,,,,,,,,
"грабли","grabli",,,,,,,,,,,,,,,,,,,,,,,,,,,,,,,,,,,
"игрушка","igrushek","igrushka","igrushkami","igrushki",,,,,,,,,,,,,,,,,,,,,,,,,,,,,,,,
"карандаш","karandash","karandasha","karandashik","karandashikom",,,,,,,,,,,,,,,,,,,,,,,,,,,,,,,,
"кисточка","kistochka",,,,,,,,,,,,,,,,,,,,,,,,,,,,,,,,,,,
"клей","kleem","klej","kleja",,,,,,,,,,,,,,,,,,,,,,,,,,,,,,,,,
"книга","knig","kniga","knige","knigi","knigu","knishka","knishku","knizhechka","knizhechku","knizhek","knizhka","knizhkami","knizhke","knizhki","knizhku","knizsku",,,,,,,,,,,,,,,,,,,,
"краски","kraski",,,,,,,,,,,,,,,,,,,,,,,,,,,,,,,,,,,
"кубики","kubik","kubika","kubiki","kubikov",,,,,,,,,,,,,,,,,,,,,,,,,,,,,,,,
"кукла","kukla","kuklam","kukle","kukloj","kuklu","kukly","kukol","kukolka","kukolkam","kukolki","kukolkoj",,,,,,,,,,,,,,,,,,,,,,,,,
"лопатка","lopatka","lopatku",,,,,,,,,,,,,,,,,,,,,,,,,,,,,,,,,,
"мозаика/пазл","mozaika","mozaiku",,,,,,,,,,,,,,,,,,,,,,,,,,,,,,,,,,
"мяч","mjachik","mjachikami","mjachikom","mjachom",,,,,,,,,,,,,,,,,,,,,,,,,,,,,,,,
"песенка","pesenku",,,,,,,,,,,,,,,,,,,,,,,,,,,,,,,,,,,
"пластилин","plastelin",,,,,,,,,,,,,,,,,,,,,,,,,,,,,,,,,,,
"ручка","ruchek","ruchka","ruchkami","ruchkax","ruchke","ruchki","ruchkoj","ruchku",,,,,,,,,,,,,,,,,,,,,,,,,,,,
"совок","sovochek","sovochkom","sovok",,,,,,,,,,,,,,,,,,,,,,,,,,,,,,,,,
"сказка","skazku",,,,,,,,,,,,,,,,,,,,,,,,,,,,,,,,,,,
"фломастер","flomaster",,,,,,,,,,,,,,,,,,,,,,,,,,,,,,,,,,,
"формочка","formochka",,,,,,,,,,,,,,,,,,,,,,,,,,,,,,,,,,,
"фотографии","fotografii","fotografija","fotografijami","fotografiu",,,,,,,,,,,,,,,,,,,,,,,,,,,,,,,,
"шарик","sharik","sharike","shariki","sharkika",,,,,,,,,,,,,,,,,,,,,,,,,,,,,,,,
"юла","yula",,,,,,,,,,,,,,,,,,,,,,,,,,,,,,,,,,,
"апельсин","apel'sinom",,,,,,,,,,,,,,,,,,,,,,,,,,,,,,,,,,,
"арбуз","arbuz",,,,,,,,,,,,,,,,,,,,,,,,,,,,,,,,,,,
"банан","banan","bananom",,,,,,,,,,,,,,,,,,,,,,,,,,,,,,,,,,
"блины","bliny",,,,,,,,,,,,,,,,,,,,,,,,,,,,,,,,,,,
"булка","bulka",,,,,,,,,,,,,,,,,,,,,,,,,,,,,,,,,,,
"варенье","varen'icem",,,,,,,,,,,,,,,,,,,,,,,,,,,,,,,,,,,
"виноград","vinograd",,,,,,,,,,,,,,,,,,,,,,,,,,,,,,,,,,,
"витамины","vitaminy",,,,,,,,,,,,,,,,,,,,,,,,,,,,,,,,,,,
"вода","voda","vode","vodichka","vodichke","vodichkoj","vodichku",,,,,,,,,,,,,,,,,,,,,,,,,,,,,,
"груша","grushi","grushu",,,,,,,,,,,,,,,,,,,,,,,,,,,,,,,,,,
"горох","goroxa","goroxu",,,,,,,,,,,,,,,,,,,,,,,,,,,,,,,,,,
"грибы","gribami","gribochki","gribochkom","griby",,,,,,,,,,,,,,,,,,,,,,,,,,,,,,,,
"еда","jeda",,,,,,,,,,,,,,,,,,,,,,,,,,,,,,,,,,,
"изюм","izjuma",,,,,,,,,,,,,,,,,,,,,,,,,,,,,,,,,,,
"йогурт","jogurt",,,,,,,,,,,,,,,,,,,,,,,,,,,,,,,,,,,
"капуста","kapusta","kapustka","kapustku","kapustnic","kapustu",,,,,,,,,,,,,,,,,,,,,,,,,,,,,,,
"картошка","kartofel'","kartoshechku","kartoshka","kartoshki","kartoshkoj",,,,,,,,,,,,,,,,,,,,,,,,,,,,,,,
"каша","kasha","kashi","kashka","kashku","kashu",,,,,,,,,,,,,,,,,,,,,,,,,,,,,,,
"кефир","kefirchik",,,,,,,,,,,,,,,,,,,,,,,,,,,,,,,,,,,
"киви","kivi",,,,,,,,,,,,,,,,,,,,,,,,,,,,,,,,,,,
"колбаса","kolbasoj","kolbasy",,,,,,,,,,,,,,,,,,,,,,,,,,,,,,,,,,
"компот","kompot",,,,,,,,,,,,,,,,,,,,,,,,,,,,,,,,,,,
"конфета","konfetka","konfetki","konfetku","konfetu","konfety",,,,,,,,,,,,,,,,,,,,,,,,,,,,,,,
"котлета","kotletka","kotletki","kotletku",,,,,,,,,,,,,,,,,,,,,,,,,,,,,,,,,
"кофе","kofe",,,,,,,,,,,,,,,,,,,,,,,,,,,,,,,,,,,
"кукуруза","kukuruza","kukuruzoj","kukuruzu",,,,,,,,,,,,,,,,,,,,,,,,,,,,,,,,,
"курица","kurice","kuricu","kurochka","kurochki",,,,,,,,,,,,,,,,,,,,,,,,,,,,,,,,
"лук","luk",,,,,,,,,,,,,,,,,,,,,,,,,,,,,,,,,,,
"макароны","makaronami",,,,,,,,,,,,,,,,,,,,,,,,,,,,,,,,,,,
"малина","malina",,,,,,,,,,,,,,,,,,,,,,,,,,,,,,,,,,,
"мандарин","mandarin",,,,,,,,,,,,,,,,,,,,,,,,,,,,,,,,,,,
"масло","maslom",,,,,,,,,,,,,,,,,,,,,,,,,,,,,,,,,,,
"мед","mjod",,,,,,,,,,,,,,,,,,,,,,,,,,,,,,,,,,,
"молоко","molochka","molochko",,,,,,,,,,,,,,,,,,,,,,,,,,,,,,,,,,
"морковка","morkofku","morkovka","morkovki","morkovkizhe","morkovku",,,,,,,,,,,,,,,,,,,,,,,,,,,,,,,
"мороженое","morozhenoe","morozhenoje",,,,,,,,,,,,,,,,,,,,,,,,,,,,,,,,,,
"мясо","mjasa","mjaso",,,,,,,,,,,,,,,,,,,,,,,,,,,,,,,,,,
"огурец","ogurchik","ogurchiki","ogurec",,,,,,,,,,,,,,,,,,,,,,,,,,,,,,,,,
"оладьи","olad'ji",,,,,,,,,,,,,,,,,,,,,,,,,,,,,,,,,,,
"печенье","pechen'e","pechen'em","pechen'ica","pechen'ice","pechen'ja","pechen'je","pechenje",,,,,,,,,,,,,,,,,,,,,,,,,,,,,
"пирог","pirog",,,,,,,,,,,,,,,,,,,,,,,,,,,,,,,,,,,
"помидор","pomidor","pomidorov","pomidory",,,,,,,,,,,,,,,,,,,,,,,,,,,,,,,,,
"пряник","prjanik","prjaniki",,,,,,,,,,,,,,,,,,,,,,,,,,,,,,,,,,
"рис","ris",,,,,,,,,,,,,,,,,,,,,,,,,,,,,,,,,,,
"рыба","ryb","ryba","rybka","rybki","rybkov","rybku","rybu","ryby",,,,,,,,,,,,,,,,,,,,,,,,,,,,
"сахар","saxar","saxarom",,,,,,,,,,,,,,,,,,,,,,,,,,,,,,,,,,
"свекла","svekla","svekolkoj",,,,,,,,,,,,,,,,,,,,,,,,,,,,,,,,,,
"слива","sliva",,,,,,,,,,,,,,,,,,,,,,,,,,,,,,,,,,,
"сметана","smetana",,,,,,,,,,,,,,,,,,,,,,,,,,,,,,,,,,,
"сок","sok",,,,,,,,,,,,,,,,,,,,,,,,,,,,,,,,,,,
"соль","sol'",,,,,,,,,,,,,,,,,,,,,,,,,,,,,,,,,,,
"сосиска","sosiska",,,,,,,,,,,,,,,,,,,,,,,,,,,,,,,,,,,
"суп","sup","supa","supchik","supchike",,,,,,,,,,,,,,,,,,,,,,,,,,,,,,,,
"сыр","syr","syru",,,,,,,,,,,,,,,,,,,,,,,,,,,,,,,,,,
"творог","tvorozhok",,,,,,,,,,,,,,,,,,,,,,,,,,,,,,,,,,,
"торт","tort","torta","torte","tortika",,,,,,,,,,,,,,,,,,,,,,,,,,,,,,,,
"тыква","tykva",,,,,,,,,,,,,,,,,,,,,,,,,,,,,,,,,,,
"фасоль","fasol'",,,,,,,,,,,,,,,,,,,,,,,,,,,,,,,,,,,
"фрукт","frukty",,,,,,,,,,,,,,,,,,,,,,,,,,,,,,,,,,,
"хлеб","xleb",,,,,,,,,,,,,,,,,,,,,,,,,,,,,,,,,,,
"чай","chaj","chajku","chajkuto","chaju",,,,,,,,,,,,,,,,,,,,,,,,,,,,,,,,
"черника","chernika",,,,,,,,,,,,,,,,,,,,,,,,,,,,,,,,,,,
"чипсы","chips",,,,,,,,,,,,,,,,,,,,,,,,,,,,,,,,,,,
"чупа-чупс","chupa-chups",,,,,,,,,,,,,,,,,,,,,,,,,,,,,,,,,,,
"шоколад","shokolad","shokolada","shokoladku","shokoladom",,,,,,,,,,,,,,,,,,,,,,,,,,,,,,,,
"яблоко","jablochkami","jablochki","jablochko","jabloki","jabloko",,,,,,,,,,,,,,,,,,,,,,,,,,,,,,,
"ягода","jagodki",,,,,,,,,,,,,,,,,,,,,,,,,,,,,,,,,,,
"яйцо","jaichke","jaichki","jaichko","jaichkom","jaichku","jajca","jajcami","jajco",,,,,,,,,,,,,,,,,,,,,,,,,,,,
"босоножки","bosonozhki",,,,,,,,,,,,,,,,,,,,,,,,,,,,,,,,,,,
"ботинки","botinkami","botinkax","botinki","botinochki","botinok","botinokto",,,,,,,,,,,,,,,,,,,,,,,,,,,,,,
"брюки","brjuki",,,,,,,,,,,,,,,,,,,,,,,,,,,,,,,,,,,
"бусы","busikami","busikax","busy",,,,,,,,,,,,,,,,,,,,,,,,,,,,,,,,,
"валенки","valenki",,,,,,,,,,,,,,,,,,,,,,,,,,,,,,,,,,,
"варежки/рукавицы","rukavic","rukavicy",,,,,,,,,,,,,,,,,,,,,,,,,,,,,,,,,,
"колготки","kolgotkax","kolgotki","kolgotochki","kolgotok","kolgoty",,,,,,,,,,,,,,,,,,,,,,,,,,,,,,,
"комбинезон","kombinezonistoe",,,,,,,,,,,,,,,,,,,,,,,,,,,,,,,,,,,
"кофта","koftochka","koftochki","koftochku","koftu",,,,,,,,,,,,,,,,,,,,,,,,,,,,,,,,
"кроссовки","krosovki",,,,,,,,,,,,,,,,,,,,,,,,,,,,,,,,,,,
"куртка","kurtochke","kurtochku",,,,,,,,,,,,,,,,,,,,,,,,,,,,,,,,,,
"майка","majku",,,,,,,,,,,,,,,,,,,,,,,,,,,,,,,,,,,
"носки","noskami","noskax","noski","nosochek","nosochkax","nosochki","nosok",,,,,,,,,,,,,,,,,,,,,,,,,,,,,
"обувь","obuv'",,,,,,,,,,,,,,,,,,,,,,,,,,,,,,,,,,,
"одежда","odezhda","odezhde","odezhdu",,,,,,,,,,,,,,,,,,,,,,,,,,,,,,,,,
"пальто","pal'to",,,,,,,,,,,,,,,,,,,,,,,,,,,,,,,,,,,
"перчатки","perchatki",,,,,,,,,,,,,,,,,,,,,,,,,,,,,,,,,,,
"пижама","pizhamku",,,,,,,,,,,,,,,,,,,,,,,,,,,,,,,,,,,
"платье","plat'e","plat'ev","plat'ice","plat'je",,,,,,,,,,,,,,,,,,,,,,,,,,,,,,,,
"пуговица","pugovica","pugovichki","pugovicy",,,,,,,,,,,,,,,,,,,,,,,,,,,,,,,,,
"рубашка","rubashechka","rubashechki","rubashechku","rubashka","rubashki","rubashku",,,,,,,,,,,,,,,,,,,,,,,,,,,,,,
"сапоги","sapogi",,,,,,,,,,,,,,,,,,,,,,,,,,,,,,,,,,,
"свитер","sviter",,,,,,,,,,,,,,,,,,,,,,,,,,,,,,,,,,,
"тапки","tapki","tapochek","tapochki",,,,,,,,,,,,,,,,,,,,,,,,,,,,,,,,,
"трусы","trusikax","trusiki","trusixa","trusixoj","trusy",,,,,,,,,,,,,,,,,,,,,,,,,,,,,,,
"туфли","tufel'ki","tufel'koj","tufel'ku","tufli","tofel'ki",,,,,,,,,,,,,,,,,,,,,,,,,,,,,,,
"шапка","Shapochka","Shapochku","shapka","shapke","shapku","shapochka","shapochku",,,,,,,,,,,,,,,,,,,,,,,,,,,,,
"шарф","sharf",,,,,,,,,,,,,,,,,,,,,,,,,,,,,,,,,,,
"шорты","shorty",,,,,,,,,,,,,,,,,,,,,,,,,,,,,,,,,,,
"штаны","shtanishki","shtanov","shtany",,,,,,,,,,,,,,,,,,,,,,,,,,,,,,,,,
"брови","brovi",,,,,,,,,,,,,,,,,,,,,,,,,,,,,,,,,,,
"волосы","volosam","volosikax","volosiki","volosikov","volosy",,,,,,,,,,,,,,,,,,,,,,,,,,,,,,,
"глазки","glaz","glaza","glazik","glazkami","glazki","glazom",,,,,,,,,,,,,,,,,,,,,,,,,,,,,,
"голова","golova","golovax","golove","golovke","golovku","golovoj","golovu",,,,,,,,,,,,,,,,,,,,,,,,,,,,,
"губы","guby",,,,,,,,,,,,,,,,,,,,,,,,,,,,,,,,,,,
"живот","zhyvot",,,,,,,,,,,,,,,,,,,,,,,,,,,,,,,,,,,
"зубы","zub","zubami","zubki","zubku","zubov","zuby","zubyto",,,,,,,,,,,,,,,,,,,,,,,,,,,,,
"колено","koleno",,,,,,,,,,,,,,,,,,,,,,,,,,,,,,,,,,,
"ладонь","ladon'",,,,,,,,,,,,,,,,,,,,,,,,,,,,,,,,,,,
"лицо","lice","lichiko","licom",,,,,,,,,,,,,,,,,,,,,,,,,,,,,,,,,
"лоб","lobik","lobiku",,,,,,,,,,,,,,,,,,,,,,,,,,,,,,,,,,
"нога","nog","noga","nogami","nogax","noge","nogi","nogoj","nogu",,,,,,,,,,,,,,,,,,,,,,,,,,,,
"ногти","nogotki","nogti",,,,,,,,,,,,,,,,,,,,,,,,,,,,,,,,,,
"нос","nos","nosa","nosik","nosikom","nocik",,,,,,,,,,,,,,,,,,,,,,,,,,,,,,,
"палец","palec","pal'cy","pal'ca","pal'chik","pal'chikami","pal'chikom",,,,,,,,,,,,,,,,,,,,,,,,,,,,,,
"плечи","plechi",,,,,,,,,,,,,,,,,,,,,,,,,,,,,,,,,,,
"пупок","pupok",,,,,,,,,,,,,,,,,,,,,,,,,,,,,,,,,,,
"ресницы","resnicy",,,,,,,,,,,,,,,,,,,,,,,,,,,,,,,,,,,
"рот","rot","rotik",,,,,,,,,,,,,,,,,,,,,,,,,,,,,,,,,,
"рука","ruka","rukami","rukax","ruke","ruki","rukoj","ruku","ruchek","ruchka","ruchkami","ruchkax","ruchke","ruchki","ruchkoj","ruchku",,,,,,,,,,,,,,,,,,,,,
"спина","spinke",,,,,,,,,,,,,,,,,,,,,,,,,,,,,,,,,,,
"ушки","ushen'ki","ushi","ushki","ushko",,,,,,,,,,,,,,,,,,,,,,,,,,,,,,,,
"шея","shee","shejku",,,,,,,,,,,,,,,,,,,,,,,,,,,,,,,,,,
"щека","shcheka",,,,,,,,,,,,,,,,,,,,,,,,,,,,,,,,,,,
"язык","jazyk","jazyki",,,,,,,,,,,,,,,,,,,,,,,,,,,,,,,,,,
"банка","banka","banke","banku","banochek","banochke",,,,,,,,,,,,,,,,,,,,,,,,,,,,,,,
"бумага","bumazhka","bumazhki","bumazhkoj","bumazhku",,,,,,,,,,,,,,,,,,,,,,,,,,,,,,,,
"бутылочка","butylka","butylke","butylki","butylkoj","butylku","butylochka","butylochke","butylochku",,,,,,,,,,,,,,,,,,,,,,,,,,,,
"веник","venik",,,,,,,,,,,,,,,,,,,,,,,,,,,,,,,,,,,
"вилка","vilkami","vilkoj","vilochkoj",,,,,,,,,,,,,,,,,,,,,,,,,,,,,,,,,
"гвоздь","gvozdike",,,,,,,,,,,,,,,,,,,,,,,,,,,,,,,,,,,
"горшок","gorshke","gorshochek","gorshochke","gorshok",,,,,,,,,,,,,,,,,,,,,,,,,,,,,,,,
"деньги","den'gi",,,,,,,,,,,,,,,,,,,,,,,,,,,,,,,,,,,
"картинка","kartinka","kartinkax","kartinke","kartinki","kartinku",,,,,,,,,,,,,,,,,,,,,,,,,,,,,,,
"кастрюля","kastrjul'ka","kastrjul'kax","kastrjul'ke","kastrjul'ki","kastrjul'ku","kastrjulechke","kastrjulju",,,,,,,,,,,,,,,,,,,,,,,,,,,,,
"ключи","kljuchi","kljuchik","kljuchikom","kljuchom",,,,,,,,,,,,,,,,,,,,,,,,,,,,,,,,
"коляска","koljaska","koljaskbe","koljaske","koljaskoj","koljasku","koljasochke",,,,,,,,,,,,,,,,,,,,,,,,,,,,,,
"компьютер","kompjuter",,,,,,,,,,,,,,,,,,,,,,,,,,,,,,,,,,,
"корзина","korzinka","korzinke","korzinki","korzinku","korzinochka",,,,,,,,,,,,,,,,,,,,,,,,,,,,,,,
"коробка","korobka","korobke","korobku","korobochka","korobochke","korobochku",,,,,,,,,,,,,,,,,,,,,,,,,,,,,,
"кошелек","koshel'ka",,,,,,,,,,,,,,,,,,,,,,,,,,,,,,,,,,,
"кружка","kruzhke","kruzhki","kruzhku","kruzhochki",,,,,,,,,,,,,,,,,,,,,,,,,,,,,,,,
"лампа","lampochka","lampu",,,,,,,,,,,,,,,,,,,,,,,,,,,,,,,,,,
"лекарство","lekarstva","lekarstvo","lekarstvoj",,,,,,,,,,,,,,,,,,,,,,,,,,,,,,,,,
"ложка","lozhechek","lozhechka","lozhechke","lozhechkoj","lozhechku","lozhek","lozhka","lozhkami","lozhki","lozhkoj","lozhku",,,,,,,,,,,,,,,,,,,,,,,,,
"магнитофон","magnitifon","magnitofon","magnitofona","magnotifon",,,,,,,,,,,,,,,,,,,,,,,,,,,,,,,,
"молоток","molotochek","molotochkom",,,,,,,,,,,,,,,,,,,,,,,,,,,,,,,,,,
"монетка","monetka",,,,,,,,,,,,,,,,,,,,,,,,,,,,,,,,,,,
"мусор","musor","musorom",,,,,,,,,,,,,,,,,,,,,,,,,,,,,,,,,,
"мыло","mylom",,,,,,,,,,,,,,,,,,,,,,,,,,,,,,,,,,,
"нож","nozh","nozhek","nozhik","nozhom",,,,,,,,,,,,,,,,,,,,,,,,,,,,,,,,
"ножницы","nozhnicami","nozhnicy",,,,,,,,,,,,,,,,,,,,,,,,,,,,,,,,,,
"одеяло","odejal'ce","odejal'cem","odejalo","odejalom",,,,,,,,,,,,,,,,,,,,,,,,,,,,,,,,
"платок","platochek","platok",,,,,,,,,,,,,,,,,,,,,,,,,,,,,,,,,,
"плита","plitu",,,,,,,,,,,,,,,,,,,,,,,,,,,,,,,,,,,
"подушка","podushku",,,,,,,,,,,,,,,,,,,,,,,,,,,,,,,,,,,
"полотенце","polotence","polotencem",,,,,,,,,,,,,,,,,,,,,,,,,,,,,,,,,,
"посуда","posudinku","posudoj","posudu","posudy",,,,,,,,,,,,,,,,,,,,,,,,,,,,,,,,
"пылесос","pylesosik",,,,,,,,,,,,,,,,,,,,,,,,,,,,,,,,,,,
"радио","radio",,,,,,,,,,,,,,,,,,,,,,,,,,,,,,,,,,,
"расческа","raschoska",,,,,,,,,,,,,,,,,,,,,,,,,,,,,,,,,,,
"свет","svete",,,,,,,,,,,,,,,,,,,,,,,,,,,,,,,,,,,
"совок (для мусора)","savok",,,,,,,,,,,,,,,,,,,,,,,,,,,,,,,,,,,
"соска","sosku","sosochka",,,,,,,,,,,,,,,,,,,,,,,,,,,,,,,,,,
"стакан","stakan",,,,,,,,,,,,,,,,,,,,,,,,,,,,,,,,,,,
"сумка","sumka","sumke",,,,,,,,,,,,,,,,,,,,,,,,,,,,,,,,,,
"таблетка","tabletku",,,,,,,,,,,,,,,,,,,,,,,,,,,,,,,,,,,
"таз","tazik","tazike","tazom","tazu",,,,,,,,,,,,,,,,,,,,,,,,,,,,,,,,
"тарелка","tarelek","tarelka","tarelki","tarelku","tarelochka","tarelochku",,,,,,,,,,,,,,,,,,,,,,,,,,,,,,
"телевизор","televizore","televizoru",,,,,,,,,,,,,,,,,,,,,,,,,,,,,,,,,,
"телефон","telefon","telefonnyj","telefonu",,,,,,,,,,,,,,,,,,,,,,,,,,,,,,,,,
"тряпка","trjapka","trjapku","trjapochka",,,,,,,,,,,,,,,,,,,,,,,,,,,,,,,,,
"утюг","utjug",,,,,,,,,,,,,,,,,,,,,,,,,,,,,,,,,,,
"фотоаппарат","fotoaparat",,,,,,,,,,,,,,,,,,,,,,,,,,,,,,,,,,,
"холодильник","xolodil'nik",,,,,,,,,,,,,,,,,,,,,,,,,,,,,,,,,,,
"чайник","chajnik",,,,,,,,,,,,,,,,,,,,,,,,,,,,,,,,,,,
"часы","chasy",,,,,,,,,,,,,,,,,,,,,,,,,,,,,,,,,,,
"чашка","chashechka","chashechki","chashechku","chashecka","chashka","chashki","chashku",,,,,,,,,,,,,,,,,,,,,,,,,,,,,
"шампунь","shampun'",,,,,,,,,,,,,,,,,,,,,,,,,,,,,,,,,,,
"швабра","shvabra",,,,,,,,,,,,,,,,,,,,,,,,,,,,,,,,,,,
"балкон","balkonchike","balkone",,,,,,,,,,,,,,,,,,,,,,,,,,,,,,,,,,
"ванна","vannaja","vannochka","vannochke","vannoj","vannuju",,,,,,,,,,,,,,,,,,,,,,,,,,,,,,,
"дверь","dver'","dverka",,,,,,,,,,,,,,,,,,,,,,,,,,,,,,,,,,
"диван","divan",,,,,,,,,,,,,,,,,,,,,,,,,,,,,,,,,,,
"душ","dush","dusha","dushikom",,,,,,,,,,,,,,,,,,,,,,,,,,,,,,,,,
"зеркало","zerkale","zerkalo",,,,,,,,,,,,,,,,,,,,,,,,,,,,,,,,,,
"ковер","kovrike",,,,,,,,,,,,,,,,,,,,,,,,,,,,,,,,,,,
"комната","komnatax","komnatka",,,,,,,,,,,,,,,,,,,,,,,,,,,,,,,,,,
"коридор","koridor",,,,,,,,,,,,,,,,,,,,,,,,,,,,,,,,,,,
"кран","kran","krana","kranom",,,,,,,,,,,,,,,,,,,,,,,,,,,,,,,,,
"кресло","kresle","kreslo",,,,,,,,,,,,,,,,,,,,,,,,,,,,,,,,,,
"кровать","krovat'","krovati","krovatka","krovatkato","krovatke","krovatki","krovatkoj","krovatku",,,,,,,,,,,,,,,,,,,,,,,,,,,,
"кухня","kuxne",,,,,,,,,,,,,,,,,,,,,,,,,,,,,,,,,,,
"лестница","lestnice","lestnicy",,,,,,,,,,,,,,,,,,,,,,,,,,,,,,,,,,
"лифт","lift",,,,,,,,,,,,,,,,,,,,,,,,,,,,,,,,,,,
"манеж","manezh",,,,,,,,,,,,,,,,,,,,,,,,,,,,,,,,,,,
"мебель","mebel'",,,,,,,,,,,,,,,,,,,,,,,,,,,,,,,,,,,
"окно","okno","okoshechka","okoshechko","okoshke","okoshko",,,,,,,,,,,,,,,,,,,,,,,,,,,,,,,
"печка","pechka",,,,,,,,,,,,,,,,,,,,,,,,,,,,,,,,,,,
"пол","pol","pola","polu",,,,,,,,,,,,,,,,,,,,,,,,,,,,,,,,,
"стол","stol","stole","stoli","stolik","stolike","stolikom","stolom",,,,,,,,,,,,,,,,,,,,,,,,,,,,,
"стул","stul","stul'chik","stul'chike","stul'chiki","stule","stulom",,,,,,,,,,,,,,,,,,,,,,,,,,,,,,
"ступеньки","stupen'ki",,,,,,,,,,,,,,,,,,,,,,,,,,,,,,,,,,,
"туалет","tualet",,,,,,,,,,,,,,,,,,,,,,,,,,,,,,,,,,,
"шкаф","shkaf","shkafchik",,,,,,,,,,,,,,,,,,,,,,,,,,,,,,,,,,
"береза","berjoza",,,,,,,,,,,,,,,,,,,,,,,,,,,,,,,,,,,
"ветер","veter",,,,,,,,,,,,,,,,,,,,,,,,,,,,,,,,,,,
"грязь","grjaz'","grjazi",,,,,,,,,,,,,,,,,,,,,,,,,,,,,,,,,,
"дерево","dereva","dereve","derevo",,,,,,,,,,,,,,,,,,,,,,,,,,,,,,,,,
"дождь","dozhd'","dozhdik",,,,,,,,,,,,,,,,,,,,,,,,,,,,,,,,,,
"дорога","doroga",,,,,,,,,,,,,,,,,,,,,,,,,,,,,,,,,,,
"дрова","drova",,,,,,,,,,,,,,,,,,,,,,,,,,,,,,,,,,,
"елка","jolka",,,,,,,,,,,,,,,,,,,,,,,,,,,,,,,,,,,
"звезда","zvezda",,,,,,,,,,,,,,,,,,,,,,,,,,,,,,,,,,,
"камень","kamen'",,,,,,,,,,,,,,,,,,,,,,,,,,,,,,,,,,,
"колодец","kolodec",,,,,,,,,,,,,,,,,,,,,,,,,,,,,,,,,,,
"куст","kust","kustom","kusty",,,,,,,,,,,,,,,,,,,,,,,,,,,,,,,,,
"лед","ljed",,,,,,,,,,,,,,,,,,,,,,,,,,,,,,,,,,,
"лужа","luzha","luzham",,,,,,,,,,,,,,,,,,,,,,,,,,,,,,,,,,
"луна","luna",,,,,,,,,,,,,,,,,,,,,,,,,,,,,,,,,,,
"мороз","Moroz",,,,,,,,,,,,,,,,,,,,,,,,,,,,,,,,,,,
"небо","nebe","nebo",,,,,,,,,,,,,,,,,,,,,,,,,,,,,,,,,,
"палка","palka","palkoj","palochki","palochku",,,,,,,,,,,,,,,,,,,,,,,,,,,,,,,,
"парник","parnik",,,,,,,,,,,,,,,,,,,,,,,,,,,,,,,,,,,
"песок","peske","pesochek","pesochka","pesochkom","pesok",,,,,,,,,,,,,,,,,,,,,,,,,,,,,,,
"скамейка","skamejku",,,,,,,,,,,,,,,,,,,,,,,,,,,,,,,,,,,
"снег","sneg",,,,,,,,,,,,,,,,,,,,,,,,,,,,,,,,,,,
"снеговик","snegovik",,,,,,,,,,,,,,,,,,,,,,,,,,,,,,,,,,,
"солнце","solnce","solnyshka","solnyshke","solnyshko",,,,,,,,,,,,,,,,,,,,,,,,,,,,,,,,
"сосна","sosna",,,,,,,,,,,,,,,,,,,,,,,,,,,,,,,,,,,
"сосулька","sosul'ka",,,,,,,,,,,,,,,,,,,,,,,,,,,,,,,,,,,
"трава","trava","trave","travkoj","travku","travu",,,,,,,,,,,,,,,,,,,,,,,,,,,,,,,
"цветы","cvety","cvetochek","cvetochka","cvetochkami","cvetochki","cvetochkov",,,,,,,,,,,,,,,,,,,,,,,,,,,,,,
"облако","oblake",,,,,,,,,,,,,,,,,,,,,,,,,,,,,,,,,,,
"баня","banja",,,,,,,,,,,,,,,,,,,,,,,,,,,,,,,,,,,
"бассейн","bassejne",,,,,,,,,,,,,,,,,,,,,,,,,,,,,,,,,,,
"гараж","garazh","garazha",,,,,,,,,,,,,,,,,,,,,,,,,,,,,,,,,,
"горка","gorka","gorke","gorku",,,,,,,,,,,,,,,,,,,,,,,,,,,,,,,,,
"город","gorod","gorode",,,,,,,,,,,,,,,,,,,,,,,,,,,,,,,,,,
"гости","gostej","gosti",,,,,,,,,,,,,,,,,,,,,,,,,,,,,,,,,,
"группа","grupa",,,,,,,,,,,,,,,,,,,,,,,,,,,,,,,,,,,
"дача","dacha",,,,,,,,,,,,,,,,,,,,,,,,,,,,,,,,,,,
"двор","dvore",,,,,,,,,,,,,,,,,,,,,,,,,,,,,,,,,,,
"дом","dom","doma","dome","domik","domika","domike","domikom","domoke","domu",,,,,,,,,,,,,,,,,,,,,,,,,,,
"зоопарк","zoopark","zooparka","zooparke",,,,,,,,,,,,,,,,,,,,,,,,,,,,,,,,,
"качели","kachel'ke","kachele","kachelej","kacheli","kachelja","kacheljax",,,,,,,,,,,,,,,,,,,,,,,,,,,,,,
"лес","les","lesu",,,,,,,,,,,,,,,,,,,,,,,,,,,,,,,,,,
"магазин","magazin","magazine",,,,,,,,,,,,,,,,,,,,,,,,,,,,,,,,,,
"озеро","ozere","ozero",,,,,,,,,,,,,,,,,,,,,,,,,,,,,,,,,,
"парк","park","parke",,,,,,,,,,,,,,,,,,,,,,,,,,,,,,,,,,
"песочница","pesochnice",,,,,,,,,,,,,,,,,,,,,,,,,,,,,,,,,,,
"площадка (детская)","ploshadka",,,,,,,,,,,,,,,,,,,,,,,,,,,,,,,,,,,
"работа","rabota","rabotu",,,,,,,,,,,,,,,,,,,,,,,,,,,,,,,,,,
"река","reka","reke",,,,,,,,,,,,,,,,,,,,,,,,,,,,,,,,,,
"сад/садик","sad","sadik",,,,,,,,,,,,,,,,,,,,,,,,,,,,,,,,,,
"улица","ulice","ulicu",,,,,,,,,,,,,,,,,,,,,,,,,,,,,,,,,,
"церковь","cerkov'",,,,,,,,,,,,,,,,,,,,,,,,,,,,,,,,,,,
"мама","mam","mama","mamaa","mamami","mamato","mame","mamin","mamina","maminoj","maminy","mamochka","mamoj","mamu","mamulen'ka","mamy","mummy's",,,,,,,,,,,,,,,,,,,,
"папа","papa","pape","papina","papiny","papoj","papu","papy",,,,,,,,,,,,,,,,,,,,,,,,,,,,,
"бабушка","babu","babushka","babushki","babushkoj","baby","baba",,,,,,,,,,,,,,,,,,,,,,,,,,,,,,
"дедушка","ded","deda","dedin","dedina","dedoj","dedu","deduka","deduke","dedukoj","deduku","dedushkoj","dedy",,,,,,,,,,,,,,,,,,,,,,,,
"брат","brat'","brat'ja","bratec","bratik",,,,,,,,,,,,,,,,,,,,,,,,,,,,,,,,
"сестра","sestra","sestrichka",,,,,,,,,,,,,,,,,,,,,,,,,,,,,,,,,,
"дочка","doch'","dochen'ka","dochka","dochki",,,,,,,,,,,,,,,,,,,,,,,,,,,,,,,,
"сын","syna","synochka","synochki",,,,,,,,,,,,,,,,,,,,,,,,,,,,,,,,,
"воспитательница","vospitatel'nica",,,,,,,,,,,,,,,,,,,,,,,,,,,,,,,,,,,
"няня","njanej",,,,,,,,,,,,,,,,,,,,,,,,,,,,,,,,,,,
"девочка","devchonka","devochek","devochka","devochke","devochki","devochkoj","devochku",,,,,,,,,,,,,,,,,,,,,,,,,,,,,
"мальчик","mal'chi","mal'chik","mal'chika","mal'chike","mal'chiki","mal'chikom",,,,,,,,,,,,,,,,,,,,,,,,,,,,,,
"малыш","malysh","malyshej","malyshi",,,,,,,,,,,,,,,,,,,,,,,,,,,,,,,,,
"ребенок","rebenkom","rebenok","rebjata","rebjonkom","rebjonok","rebo'nka","rebo'nok",,,,,,,,,,,,,,,,,,,,,,,,,,,,,
"дети","det'mi","detej","deti","detjam","detki","detok",,,,,,,,,,,,,,,,,,,,,,,,,,,,,,
"гость","gostej","gosti",,,,,,,,,,,,,,,,,,,,,,,,,,,,,,,,,,
"друг","drug","druga","drugu","drugom","druz'ja","druzhishche","druzhochek","podruzhka",,,,,,,,,,,,,,,,,,,,,,,,,,,,
"подруга","podruzhka",,,,,,,,,,,,,,,,,,,,,,,,,,,,,,,,,,,
"дядя","djada","djadej","djaden'ka","djadi","djadja","djaja","diada","diade","diadu","didja",,,,,,,,,,,,,,,,,,,,,,,,,,
"тетя","tjota","tjotha","tjoti","tjotin","tjotja","tjotju",,,,,,,,,,,,,,,,,,,,,,,,,,,,,,
"доктор/врач","doktor","vrach",,,,,,,,,,,,,,,,,,,,,,,,,,,,,,,,,,
"клоун","kloun",,,,,,,,,,,,,,,,,,,,,,,,,,,,,,,,,,,
"люди","ljudi",,,,,,,,,,,,,,,,,,,,,,,,,,,,,,,,,,,
"человек","chelovechek","chelovek","cheloveka",,,,,,,,,,,,,,,,,,,,,,,,,,,,,,,,,
"пока","poka",,,,,,,,,,,,,,,,,,,,,,,,,,,,,,,,,,,
"здравствуй/те","zdras'te","zdravstvuj","zdravstvujte","zdravsvuj","zdravsvujte",,,,,,,,,,,,,,,,,,,,,,,,,,,,,,,
"привет","privet",,,,,,,,,,,,,,,,,,,,,,,,,,,,,,,,,,,
"cпасибо","spasibo","spasiboto",,,,,,,,,,,,,,,,,,,,,,,,,,,,,,,,,,
"пожалуйста","pozhalujsta",,,,,,,,,,,,,,,,,,,,,,,,,,,,,,,,,,,
"нельзя","nel'zja",,,,,,,,,,,,,,,,,,,,,,,,,,,,,,,,,,,
"можно","mozhno","mozho","mozno",,,,,,,,,,,,,,,,,,,,,,,,,,,,,,,,,
"да","da","daaa",,,,,,,,,,,,,,,,,,,,,,,,,,,,,,,,,,
"нет","net","netnet",,,,,,,,,,,,,,,,,,,,,,,,,,,,,,,,,,
"давай (напр./давай пойдем)","davaj","davajka","dvaj",,,,,,,,,,,,,,,,,,,,,,,,,,,,,,,,,
"пусть/пускай","pust'",,,,,,,,,,,,,,,,,,,,,,,,,,,,,,,,,,,
"завтрак","zavtrak",,,,,,,,,,,,,,,,,,,,,,,,,,,,,,,,,,,
"обед","obed","obeda","obedom","obedy",,,,,,,,,,,,,,,,,,,,,,,,,,,,,,,,
"полдник","poldnik",,,,,,,,,,,,,,,,,,,,,,,,,,,,,,,,,,,
"ужин","uzhin",,,,,,,,,,,,,,,,,,,,,,,,,,,,,,,,,,,
"бегать/бежать","ubegaet","begaet","begaet'","begajut","begal","begut","bezhali","bezhat'","bezhim","bezhit","razbegalis'","ubezhala","pobezhal","pobezhala","pobezhalo",,,,,,,,,,,,,,,,,,,,,
"бояться","boish'sja","boitsja","bojalas'","bojalis'","bojals'","bojat'sja","bojatsja","bojitsja","bojsja","bojus'",,,,,,,,,,,,,,,,,,,,,,,,,,
"брать","brat'","otobrat'","sobrat'","ubrat'","beresh'","beret",,,,,,,,,,,,,,,,,,,,,,,,,,,,,,
"бросать","brosaetsja","brosaj","brosal","brosat'","brosat'sja","brosila","brosili","brosit'",,,,,,,,,,,,,,,,,,,,,,,,,,,,
"варить","svari","svarila","svarish'","svarit'","varila","varit","varit'","varit's","varit'sja","varitsja","varju",,,,,,,,,,,,,,,,,,,,,,,,,
"взять","vzjal","vzjala","vzjali","vzjat'","voz'mem","voz'mesh'","voz'mi","voz'mu",,,,,,,,,,,,,,,,,,,,,,,,,,,,
"видеть","uvidela","uvideli","uvidish'","videl","videla","videli","videlis'","videsh","videt'","vidim","vidish","vidish'","vidit","vidjat","vizhu",,,,,,,,,,,,,,,,,,,,,
"включить","vkljuchat'","vkljuchilas'","vkljucila",,,,,,,,,,,,,,,,,,,,,,,,,,,,,,,,,
"вставать","vstal","vstan'","vstat'","vstavaj","vstavala","vstavat'",,,,,,,,,,,,,,,,,,,,,,,,,,,,,,
"вытирать","vyteret'","vyterla","vytiraesh'","vytiraet","vytirat'","vytirat'sja","vytri","vytru",,,,,,,,,,,,,,,,,,,,,,,,,,,,
"говорить","zagovorila","dogovorilis'","dogovorit'sja","govori","govoril","govorila","govorili","govorim","govorish","govorish'","govorit","govorit'","govorja","govorjat","govorju","pogovori","pogovorim","pogovorit'","pogovorit's",,,,,,,,,,,,,,,,,
"гулять","poguljaem","poguljat'","guljaem","guljaet","guljajut","guljala","guljali","guljan'e","guljat'","guljaut",,,,,,,,,,,,,,,,,,,,,,,,,,
"дать","dat'","dat","dali","dam","dal","dala","dadim","dadut","daem","daesh","daesh'","daet","daj","dajte","daju","otdala","otdam","otdat'","otdavaj",,,,,,,,,,,,,,,,,
"делать","delaem","delaesh","delaesh'","delaesh'sebe","delaet","delaetsja","delaj","delajaet","delajesh","delajet","delaju","delajut","delajutsja","delajuy","delal","delala","delali","delaseh","delat'","delat'to","deljaet","delyj","sdelaem","sdelaesh'","sdelaj","sdelaju","sdelal","sdelala","sdelali","sdelalis'","sdelat'","zdelaem","zdelal","zdelala","zdelali","zdelat'"
"достать","dostaju","dostalos'","dostan'","dostanem","dostanu","dostat'","Dostan'",,,,,,,,,,,,,,,,,,,,,,,,,,,,,
"дуть","dut'","podula","zadula","dul",,,,,,,,,,,,,,,,,,,,,,,,,,,,,,,,
"есть","jest'",,,,,,,,,,,,,,,,,,,,,,,,,,,,,,,,,,,
"ездить/ехать","jedet","v'exala","exala","exali","exat'","poexala","poexali","poexat'","priedet","priexal","priexala","priexali","priezzhal","uexala","uedu","ezdila","ezdili","ezdit","ezdit'",,,,,,,,,,,,,,,,,
"ждать","podozhdat'","podozhdi","podozhdika","zhdala","zhdali","zhdet","zhdu",,,,,,,,,,,,,,,,,,,,,,,,,,,,,
"закрыть","zakroem","zakroesh'","zakroetsja","zakroj","zakroju","zakryla","zakryli","zakrylsja","zakryt'","zakrytaja","zakryto","zakryty","zakryvaesh'","zakryvaetsja","zakryvaju",,,,,,,,,,,,,,,,,,,,,
"залезть","zalest'","zalez","zalez'","zalezaj","zalezat'","zalezla","zalezt'",,,,,,,,,,,,,,,,,,,,,,,,,,,,,
"звать","nazovem","nazovi","nazval","nazyvaesh'","nazyvaetsja","nazyvajut","nazyvajutsja","nazyvalos'","pozvala","zvala","zvali",,,,,,,,,,,,,,,,,,,,,,,,,
"звонить","pozvoni","pozvonit'",,,,,,,,,,,,,,,,,,,,,,,,,,,,,,,,,,
"играть","igraesh'","igraeshsja","igraet","igrajsja","igrajut","igrajutsja","igrala","igralas'","igrali","igralis'","igrat'","igrat'sja","poigrajsja","poigral","poigrat'","poigrat'sja","poigratsja",,,,,,,,,,,,,,,,,,,
"идти/пойти","idem","idesh","idesh'","idet","idi","idjot","idti","idut","pridet","pridetsja","pridi","pridu","pojdem","pojdesh'","pojdet","pojdi","pojdjom","pojdu","pojdut","ujdet","ujti","vojdut","zajdet","otojdi","perejdem","podojdem","podojdi","podojti","pojti","xozhu",,,,,,
"искать","ishchet","iskala","iskat'","poishchi","poishchu","poiskat'",,,,,,,,,,,,,,,,,,,,,,,,,,,,,,
"какать","pokakal",,,,,,,,,,,,,,,,,,,,,,,,,,,,,,,,,,,
"капать","nakapalo",,,,,,,,,,,,,,,,,,,,,,,,,,,,,,,,,,,
"катать/кататься","kataesh'sja","kataeshsja","kataetsja","katajesh","katajetsja","katajsja","katajutsja","katalas'","katalis'","katat'","katat'sa","katat'sja","katatsja","katit'sja","pokatat'","pokatat'sja","pokatit'sja",,,,,,,,,,,,,,,,,,,
"качать/качаться","kachat'","kachat'sja",,,,,,,,,,,,,,,,,,,,,,,,,,,,,,,,,,
"кидать","kidaesh'","kidaj","kidaju","kidala","kidat'","kinula","raskidal","raskidala","raskidat'","nakinut'","skinut'",,,,,,,,,,,,,,,,,,,,,,,,,
"класть","kladem","kladesh'","kladi","kladu","klast'","skladyvaj","skladyvat'",,,,,,,,,,,,,,,,,,,,,,,,,,,,,
"копать","kopat'",,,,,,,,,,,,,,,,,,,,,,,,,,,,,,,,,,,
"кормить","kormish'","kormit","kormit'","nakormish'","nakormit'","pokormit'",,,,,,,,,,,,,,,,,,,,,,,,,,,,,,
"красить","krasitsja","pokrasit'",,,,,,,,,,,,,,,,,,,,,,,,,,,,,,,,,,
"кричать","krichala","krichat","krichat'","krichit",,,,,,,,,,,,,,,,,,,,,,,,,,,,,,,,
"купать/купаться","kupaet","kupaetsja","kupaj","kupajus'","kupajutsja","kupalis'","kupat'","kupat'sa","kupat'sja","kupat'sjato","kupatsja","pokupalis'",,,,,,,,,,,,,,,,,,,,,,,,
"кусать/кусаться","kusaet","kusaetsja","kusajutsja","kusali","otkusyvaesh'","pokusal","pokusali","prokusil","ukusil","Kusala",,,,,,,,,,,,,,,,,,,,,,,,,,
"кушать","kushaesh","kushaet","kushaj","kushajet","kushajut","kushal","kushala","kushalal","kushali","kushat","kushat'","pokushat'",,,,,,,,,,,,,,,,,,,,,,,,
"лежать","polezhat'","polezhit","lezhala","lezhalo","lezhat","lezhat'","lezhish'","lezhit",,,,,,,,,,,,,,,,,,,,,,,,,,,,
"лезть","lezesh'","lezet","polezla","prolezla","prolezlo","slez'","slezaet","slezaj","slezesh'","vlezu","vylezaj","vylezat'","vylezet","vylezli","vylezu","zalest'","zalez","zalez'","zalezaj","zalezat'","zalezla","zalezt'","vylesu","lazesh'",,,,,,,,,,,,
"летать/лететь","letaet","letajushch","letajut","letala","letit","letjat","letushch","naletali","poletel","poleteli","poletit","proletela","uleti","vletajut","vyletajut",,,,,,,,,,,,,,,,,,,,,
"лизать","lizat'",,,,,,,,,,,,,,,,,,,,,,,,,,,,,,,,,,,
"ломать","lomaesh'","lomaet","lomaj","lomat'","slomaesh'","slomaesh'sja","slomal","slomala","slomalas'","slomalos'",,,,,,,,,,,,,,,,,,,,,,,,,,
"любить","ljubil","ljubila","ljubish","ljubish'","ljubit","ljubjat","ljublju","ljuibit",,,,,,,,,,,,,,,,,,,,,,,,,,,,
"мазать","mazat'","mazhesh'","mazhet","mazhut","namazala","namazh'","pomazal","pomazala","pomazali","pomazat'","pomazh'",,,,,,,,,,,,,,,,,,,,,,,,,
"мыть/мыться","myt'","pomyla","pomyli","pomyt'","umyt'sja","umyvaetsja","umyvajutsja","umyvat'sja","vymyla",,,,,,,,,,,,,,,,,,,,,,,,,,,
"назвать/называться","nazovem","nazovi","nazval","nazyvaesh'","nazyvaetsja","nazyvajut","nazyvajutsja","nazyvalos'","nazavaetsja",,,,,,,,,,,,,,,,,,,,,,,,,,,
"нести","otnesti","ponesjot","ponesu","prines","prinesesh'","prineset","prinesi","prinesjom","prinesla","prinesu","prinise","prinisi","prinosit","neset","nesi","nesu","otnesla",,,,,,,,,,,,,,,,,,,
"нравиться","ponravilas'","ponravilos'","ponravitsja","nravilos'","nravish'sja","nravitsja",,,,,,,,,,,,,,,,,,,,,,,,,,,,,,
"облить","oblilas'",,,,,,,,,,,,,,,,,,,,,,,,,,,,,,,,,,,
"обнимать","obnimaet","obnimaju","obnimi","obnjala",,,,,,,,,,,,,,,,,,,,,,,,,,,,,,,,
"одевать","odel","odelsja","odenesh","odenesh'","odenu","odet","odet'","odevaet","odevaetsja","odevajet","odevajsja","odevajutsja","odevat'","odevat'sja","odevatsja","pereodet'",,,,,,,,,,,,,,,,,,,,
"открыть","otkdryvaetsja","otkroem","otkroet","otkroj","otkroju","otkryla","otkrylos'","otkryt'","otkryvaem","otkryvaj","otkryvajet","otkryvajetsja","otkryvat'",,,,,,,,,,,,,,,,,,,,,,,
"падать","padaesh","padaesh'","padajet","padali","padalo","papadali",,,,,,,,,,,,,,,,,,,,,,,,,,,,,,
"петь","pet'","spet'","pojot","pojut",,,,,,,,,,,,,,,,,,,,,,,,,,,,,,,,
"пúсать","popisila","popisit'","napisila","pis'","pis'pis'","pisiesh'","pisiet","pisit'",,,,,,,,,,,,,,,,,,,,,,,,,,,,
"писáть","zapisat'","zapishem","zapisjalsja","zapisyvaem","zapisyvaet","zapisyvaetsja","zapisyvajte","zapisyvat'","napisano","pishet","pist'",,,,,,,,,,,,,,,,,,,,,,,,,
"пить","popit'","vypil","vypila","vypili","vypit'","vyp'em","vyp'esh'","vyp'et","pit'","pil","dopila","napilas'",,,,,,,,,,,,,,,,,,,,,,,,
"плавать/плыть","poplavaem","plavaet","plavaju","plavajut","plaval","plavali",,,,,,,,,,,,,,,,,,,,,,,,,,,,,,
"плакать","plach'","plachem","plachesh","plachesh'","plachet","plakal","plakala","plakat'","zaplakal",,,,,,,,,,,,,,,,,,,,,,,,,,,
"подметать","podmetat'",,,,,,,,,,,,,,,,,,,,,,,,,,,,,,,,,,,
"поймать","pojmal","pojmala","pojmat'",,,,,,,,,,,,,,,,,,,,,,,,,,,,,,,,,
"показать","pokazat'","pokazhi","pokazhu","pokazyvaesh'","pokazyvaet","pokazyvala","pokazyvali","pokazyvat'","mokazhi",,,,,,,,,,,,,,,,,,,,,,,,,,,
"покупать","pokupaem","pokupat'","kupil","kupili","kupit'",,,,,,,,,,,,,,,,,,,,,,,,,,,,,,,
"положить","polozhi","polozhil","polozhila","polozhili","polozhim","polozhish'","polozhit","polozhit'","polozhu","slozhi","slozhil","slozhila","slozhili","slozhilis'","slozhim","slozhit'","slozhu","ulozhi","lozhatsja","lozhis'","lozhish'sja","lozhit","lozhit'sja","otlozhish'","otlozhit'","otlozhu",,,,,,,,,,
"ползать","polzaet","polzat'","polzet","upolzi",,,,,,,,,,,,,,,,,,,,,,,,,,,,,,,,
"помнить","pomnesh'","pomnetsja","pomnish","pomnish'","pomnju","vspomnila","vspominaj",,,,,,,,,,,,,,,,,,,,,,,,,,,,,
"помогать","pomog","pomogal","pomogala","pomogat'","pomogi","pomogu","pomoch'","pomozhem","pomozhesh'","pomozhet",,,,,,,,,,,,,,,,,,,,,,,,,,
"причесать/причесаться","prichesala","prichesalis'","prichesat'","pricheshemsja","pricheshis'","prichesyvaesh'sja","prichesyvaetsja","prichesyvajsja","prichesyvat'",,,,,,,,,,,,,,,,,,,,,,,,,,,
"прыгать","prygaesh","prygaesh'","prygaet","prygajet","prygajut","prygali","prygat'","prygat'to","prygnula",,,,,,,,,,,,,,,,,,,,,,,,,,,
"прятать/прятаться","sprjatalas'","sprjatalsja","prjacheshsja","prjachet'sja","prjachetsja","prjachutsja",,,,,,,,,,,,,,,,,,,,,,,,,,,,,,
"работать","rabotaet","rabotajet",,,,,,,,,,,,,,,,,,,,,,,,,,,,,,,,,,
"резать","porezal","razrezhu","rezat'","rezhetsja","srezal","srezala",,,,,,,,,,,,,,,,,,,,,,,,,,,,,,
"рисовать","razrisoval","razrisovala","risovala","risuet","narisoval","narisovat'","narisuesh'","narisuet","narisuju","porisuesh'",,,,,,,,,,,,,,,,,,,,,,,,,,
"сидеть","posadila","posadim","posadish'","posadit'","posazhu","poseli","posidet'","posidi","posidim","sidel","sidela","sidet","sidet'","sidi","sidish'","sidit","sidjat","sel","sela",,,,,,,,,,,,,,,,,
"слушать/слышать","slushaet","slushaj","slushala","slushali","slushalsja","slushat'","slysh'","slyshala","slyshit","slyshno","slyshu","poslushaem","poslushaj","poslushal","poslushat'",,,,,,,,,,,,,,,,,,,,,
"смеяться","smeesh'sja","smeetsja",,,,,,,,,,,,,,,,,,,,,,,,,,,,,,,,,,
"смотреть","smitri","smotrel","smotrela","smotret'","smotri","smotrika","smotrim","smotrish","smotrish'","smotrit","smotrite","smotrjat","Smotri","posmitri","posmortrim","posmotrela","posmotret","posmotret'","posmotri","posmotri'ka","posmotrika","posmotrim","posmotrish'","posmotrit","posmpotrim",,,,,,,,,,,
"снимать","snimaem","snimaet","snimaj","snimaju","snimal","snimat'","snimem","snimesh'","snimi","snimu","snjala","snjalas'","snjali","snjat","snjat'",,,,,,,,,,,,,,,,,,,,,
"собирать","sobiraesh'sja","sobirajetsja","sobirajutsja","sobiral","sobirala","sobirali","sobirat'","sobrala","sobralas'","sobralis'","sobrat'",,,,,,,,,,,,,,,,,,,,,,,,,
"спать","spal","spala","spalisja","spat","spat'","spat'to","spaten'ki","spatenki","pospal","pospat'","pospit","prispala","prospala",,,,,,,,,,,,,,,,,,,,,,,
"ставить","stav'","stavim","stavit'","vystavil","ostav'","ostavit'","ostavljat'","ostavlju","otstav'","postav'","postavila","postavili","postavim","postavit'","postavlju",,,,,,,,,,,,,,,,,,,,,
"стирать","stiraet","stirat'","vystirala","postirat'",,,,,,,,,,,,,,,,,,,,,,,,,,,,,,,,
"стоять","stoish","stoish'","stoit","stoj","stojal","stojala","stojat","stojat'",,,,,,,,,,,,,,,,,,,,,,,,,,,,
"стричь","strich'","strizhet","otstrizhem","postrigli","postrizhem","postrizhesh'","postrizhet","sostrich'","sostrizhem",,,,,,,,,,,,,,,,,,,,,,,,,,,
"строить","stroila","stroit","stroit'","strojat","postroila","postroim","postroish'","postroit'","postroj","postroju","vystroilis'","vystroim",,,,,,,,,,,,,,,,,,,,,,,,
"стучать/стучаться","postuchi","postuchim","postuchish'","stuchala","stuknula",,,,,,,,,,,,,,,,,,,,,,,,,,,,,,,
"танцевать","potancuj","tancuesh'","tancuet","tancujut",,,,,,,,,,,,,,,,,,,,,,,,,,,,,,,,
"тащить","tashchi","vytashchish'","vytashchit",,,,,,,,,,,,,,,,,,,,,,,,,,,,,,,,,
"толкать","tolkaj",,,,,,,,,,,,,,,,,,,,,,,,,,,,,,,,,,,
"улыбаться","ulybaetsja","ulybnulis'","ulybnulsja",,,,,,,,,,,,,,,,,,,,,,,,,,,,,,,,,
"устать","ustala","ustali",,,,,,,,,,,,,,,,,,,,,,,,,,,,,,,,,,
"хватать","sxvati","sxvatila","sxvatili","sxvatit","sxvatit'","xvataet","xvataj","xvatajsja",,,,,,,,,,,,,,,,,,,,,,,,,,,,
"хлопать","xlopat'",,,,,,,,,,,,,,,,,,,,,,,,,,,,,,,,,,,
"хотеть","xotel","xotela","xoteli","xotelos'","xotite","xotjat","xoxhesh","zaxotel","zaxotela","zaxochesh'","zaxochet","xochash'","xoches","xoches'","xochesh","xochesh'","xochet","xochetsja","xochu",,,,,,,,,,,,,,,,,
"ходить","zaxodi","otxodit'","prixodi","prixodil","prixodili","prixodit","prixodit'","proxodit","vxodit","vyxodil","vyxodit","vyxodit'","xodi","xodil","xodila","xodili","xodim","xodish","xodish'","xodit","xodit'","xodjat",,,,,,,,,,,,,,
"целовать","celuesh'","celujet","poceloval","pocelovala","pocelovali","pocelovat'","poceluju",,,,,,,,,,,,,,,,,,,,,,,,,,,,,
"чистить","chistit","ochisti","pochistila","pochistit'",,,,,,,,,,,,,,,,,,,,,,,,,,,,,,,,
"читать","chitaem","chitaesh","chitaet","chitaj","chitajut","chital","chitala","chitali","chitat'","pochitaem","pochitaesh","pochitaj","pochitaju","pochitat'","prochitaem","prochitaj","prochitajet","prochitala","prochitali","prochitat'",,,,,,,,,,,,,,,,
"чихать","chixat'",,,,,,,,,,,,,,,,,,,,,,,,,,,,,,,,,,,
"щекотать","shchekotat'",,,,,,,,,,,,,,,,,,,,,,,,,,,,,,,,,,,
"больной","bol'noj",,,,,,,,,,,,,,,,,,,,,,,,,,,,,,,,,,,
"большой","bol'shaja","bol'shie","bol'shije","bol'shim","bol'shix","bol'shoe","bol'shoj","bol'shom","bol'shomu","bol'shoy","bol'shuju","bol'shushchij","bol'shye","bol'shyje",,,,,,,,,,,,,,,,,,,,,,
"быстрый","bystro",,,,,,,,,,,,,,,,,,,,,,,,,,,,,,,,,,,
"веселый","veselen'kaja",,,,,,,,,,,,,,,,,,,,,,,,,,,,,,,,,,,
"вкусный","vkusnaja","vkusnoe","vkusnye","vkusnyj",,,,,,,,,,,,,,,,,,,,,,,,,,,,,,,,
"высокий","vysokie","vysokix",,,,,,,,,,,,,,,,,,,,,,,,,,,,,,,,,,
"голодный","golodnyj",,,,,,,,,,,,,,,,,,,,,,,,,,,,,,,,,,,
"голый","goloj","golom",,,,,,,,,,,,,,,,,,,,,,,,,,,,,,,,,,
"горький","gor'kij",,,,,,,,,,,,,,,,,,,,,,,,,,,,,,,,,,,
"горячий","gorjachij","gorjachaja","gorjachee",,,,,,,,,,,,,,,,,,,,,,,,,,,,,,,,,
"громкий","gromche",,,,,,,,,,,,,,,,,,,,,,,,,,,,,,,,,,,
"грязный","grjaznaja","grjaznoe","grjaznovataja","grjaznye","grjaznyj","grjaznymi",,,,,,,,,,,,,,,,,,,,,,,,,,,,,,
"длинный","dlinnaja",,,,,,,,,,,,,,,,,,,,,,,,,,,,,,,,,,,
"добрый","dobroe","dobroj","dobroje",,,,,,,,,,,,,,,,,,,,,,,,,,,,,,,,,
"игрушечный","igrushechnogo","igrushechnyj",,,,,,,,,,,,,,,,,,,,,,,,,,,,,,,,,,
"кислый","kisloe",,,,,,,,,,,,,,,,,,,,,,,,,,,,,,,,,,,
"короткий","korotkij",,,,,,,,,,,,,,,,,,,,,,,,,,,,,,,,,,,
"красивый","krasivaja","krasivoe","krasivoj","krasivoje","krasivuju","krasivye","krasivyj","krasivyje",,,,,,,,,,,,,,,,,,,,,,,,,,,,
"маленький","malen'kaja","malen'kie","malen'kij","malen'kije","malen'kim","malen'kix","malen'koe","malen'kogo","malen'koj","malen'kom","malen'komu","malen'kuju","malen'laja","malenkij","malenkuju","maljusen'kij",,,,,,,,,,,,,,,,,,,,
"медленный","medlenyj",,,,,,,,,,,,,,,,,,,,,,,,,,,,,,,,,,,
"мокрый","mokraja","mokrye","mokryj","mokrym",,,,,,,,,,,,,,,,,,,,,,,,,,,,,,,,
"мягкий","mjahkij",,,,,,,,,,,,,,,,,,,,,,,,,,,,,,,,,,,
"настоящий","nastojashchaja","nastojashchee","nastojashchij",,,,,,,,,,,,,,,,,,,,,,,,,,,,,,,,,
"непослушный","neposlushnyj",,,,,,,,,,,,,,,,,,,,,,,,,,,,,,,,,,,
"новый","novaja","novem","novoe","novuju","novyj",,,,,,,,,,,,,,,,,,,,,,,,,,,,,,,
"плохой","ploxaja","ploxie","ploxix","ploxogo","ploxoj",,,,,,,,,,,,,,,,,,,,,,,,,,,,,,,
"полный","polnyj",,,,,,,,,,,,,,,,,,,,,,,,,,,,,,,,,,,
"похожий","poxozha","poxozhe",,,,,,,,,,,,,,,,,,,,,,,,,,,,,,,,,,
"пустой","pustaja",,,,,,,,,,,,,,,,,,,,,,,,,,,,,,,,,,,
"сильный","sil'nye","sil'nyj",,,,,,,,,,,,,,,,,,,,,,,,,,,,,,,,,,
"сладкий","sladkaja","sladkij",,,,,,,,,,,,,,,,,,,,,,,,,,,,,,,,,,
"сломанный","slomannaja","slomano","slomany",,,,,,,,,,,,,,,,,,,,,,,,,,,,,,,,,
"соленый","soljenyj",,,,,,,,,,,,,,,,,,,,,,,,,,,,,,,,,,,
"старый","staryj",,,,,,,,,,,,,,,,,,,,,,,,,,,,,,,,,,,
"страшный","strashnyj",,,,,,,,,,,,,,,,,,,,,,,,,,,,,,,,,,,
"сухой","suxaja","suxie","suximi","suxoe",,,,,,,,,,,,,,,,,,,,,,,,,,,,,,,,
"теплый","teplaja","teplen'kij","teploe",,,,,,,,,,,,,,,,,,,,,,,,,,,,,,,,,
"тихий","tixij",,,,,,,,,,,,,,,,,,,,,,,,,,,,,,,,,,,
"толстый","tolstaja","tolstyj",,,,,,,,,,,,,,,,,,,,,,,,,,,,,,,,,,
"тяжелый","tjazhelaja",,,,,,,,,,,,,,,,,,,,,,,,,,,,,,,,,,,
"умный","umnaja",,,,,,,,,,,,,,,,,,,,,,,,,,,,,,,,,,,
"холодный","xolodnye","xolodnyj",,,,,,,,,,,,,,,,,,,,,,,,,,,,,,,,,,
"хороший","xoroshaja","xoroshie","xoroshij","xoroshix","luchshee",,,,,,,,,,,,,,,,,,,,,,,,,,,,,,,
"чистый","chistaja","chisten'kij","chisten'kix","chisten'koe","chisten'kuju","chistoe","chistye","chistyj",,,,,,,,,,,,,,,,,,,,,,,,,,,,
"белый","beloj","belye","belyj","belyje",,,,,,,,,,,,,,,,,,,,,,,,,,,,,,,,
"желтый","prezheltuju","zheltaja","zhelten'kaja","zhelten'kie","zhelten'koe","zhelten'kuju","zheltogo","zheltoj","zheltuju","zheltye","zheltyj","zheltym",,,,,,,,,,,,,,,,,,,,,,,,
"зеленый","zelenaja","zelenen'kaja","zelenen'kie","zelenen'koe","zelenkoj","zelenoj","zelenye","zelenyj","zeljonaja","zeljonen'kaja","zeljonoj","zeljonoje","zeljonye","zeljonyj","zeljonyje",,,,,,,,,,,,,,,,,,,,,
"коричневый","korichnevye",,,,,,,,,,,,,,,,,,,,,,,,,,,,,,,,,,,
"красный","ktasnaja","krasnaja","krasnen'kaja","krasnen'kie","krasnen'kix","krasnen'kogo","krasnoj","krasnoje","krasnuje","krasnuju","krasnye","krasnyj","krasnym",,,,,,,,,,,,,,,,,,,,,,,
"оранжевый","oranzhevaja",,,,,,,,,,,,,,,,,,,,,,,,,,,,,,,,,,,
"синий","sinego","sinen'kij","sinie","sinij","sinim",,,,,,,,,,,,,,,,,,,,,,,,,,,,,,,
"черный","chernen'kie","chernen'kije","chernen'kijto","chernoe","chernogo","chernye",,,,,,,,,,,,,,,,,,,,,,,,,,,,,,
"больно","bol'no",,,,,,,,,,,,,,,,,,,,,,,,,,,,,,,,,,,
"быстро","bystree","bystrej","bystren'ko","bystrenko","bystro",,,,,,,,,,,,,,,,,,,,,,,,,,,,,,,
"весело","veselo",,,,,,,,,,,,,,,,,,,,,,,,,,,,,,,,,,,
"вкусно","vkusno",,,,,,,,,,,,,,,,,,,,,,,,,,,,,,,,,,,
"вместе","vmeste",,,,,,,,,,,,,,,,,,,,,,,,,,,,,,,,,,,
"горько","gor'ko",,,,,,,,,,,,,,,,,,,,,,,,,,,,,,,,,,,
"горячо","gorjachee",,,,,,,,,,,,,,,,,,,,,,,,,,,,,,,,,,,
"громко","gromko","gromche",,,,,,,,,,,,,,,,,,,,,,,,,,,,,,,,,,
"грязно","grjazno",,,,,,,,,,,,,,,,,,,,,,,,,,,,,,,,,,,
"кисло","kislo",,,,,,,,,,,,,,,,,,,,,,,,,,,,,,,,,,,
"красиво","krasivo",,,,,,,,,,,,,,,,,,,,,,,,,,,,,,,,,,,
"мокро","mokro",,,,,,,,,,,,,,,,,,,,,,,,,,,,,,,,,,,
"мягко","mjagko",,,,,,,,,,,,,,,,,,,,,,,,,,,,,,,,,,,
"никак","nikak",,,,,,,,,,,,,,,,,,,,,,,,,,,,,,,,,,,
"опять","opat'","opjat","opjat'",,,,,,,,,,,,,,,,,,,,,,,,,,,,,,,,,
"осторожно","ostorozhno",,,,,,,,,,,,,,,,,,,,,,,,,,,,,,,,,,,
"плохо","ploxo","xuzhe",,,,,,,,,,,,,,,,,,,,,,,,,,,,,,,,,,
"сильно","sil'no",,,,,,,,,,,,,,,,,,,,,,,,,,,,,,,,,,,
"сладко","sladko",,,,,,,,,,,,,,,,,,,,,,,,,,,,,,,,,,,
"совсем","sovsem","nasovsem",,,,,,,,,,,,,,,,,,,,,,,,,,,,,,,,,,
"сухо","suxo",,,,,,,,,,,,,,,,,,,,,,,,,,,,,,,,,,,
"темно","temno",,,,,,,,,,,,,,,,,,,,,,,,,,,,,,,,,,,
"тепло","teplo",,,,,,,,,,,,,,,,,,,,,,,,,,,,,,,,,,,
"тихо/тише","tixo","tish",,,,,,,,,,,,,,,,,,,,,,,,,,,,,,,,,,
"тяжело","tjazhelo",,,,,,,,,,,,,,,,,,,,,,,,,,,,,,,,,,,
"холодно","xolodno",,,,,,,,,,,,,,,,,,,,,,,,,,,,,,,,,,,
"хорошо","xorosho","luchshe",,,,,,,,,,,,,,,,,,,,,,,,,,,,,,,,,,
"чисто","chisto",,,,,,,,,,,,,,,,,,,,,,,,,,,,,,,,,,,
"вечер","vecher",,,,,,,,,,,,,,,,,,,,,,,,,,,,,,,,,,,
"день","den'",,,,,,,,,,,,,,,,,,,,,,,,,,,,,,,,,,,
"ночь","noch'","nochi",,,,,,,,,,,,,,,,,,,,,,,,,,,,,,,,,,
"утро","utra","utro",,,,,,,,,,,,,,,,,,,,,,,,,,,,,,,,,,
"вечером","vecherom",,,,,,,,,,,,,,,,,,,,,,,,,,,,,,,,,,,
"днем","dnjom",,,,,,,,,,,,,,,,,,,,,,,,,,,,,,,,,,,
"ночью","noch'ju",,,,,,,,,,,,,,,,,,,,,,,,,,,,,,,,,,,
"утром","utrom",,,,,,,,,,,,,,,,,,,,,,,,,,,,,,,,,,,
"вчера","vchera",,,,,,,,,,,,,,,,,,,,,,,,,,,,,,,,,,,
"сегодня","segodnja",,,,,,,,,,,,,,,,,,,,,,,,,,,,,,,,,,,
"завтра","zavra","zavtra",,,,,,,,,,,,,,,,,,,,,,,,,,,,,,,,,,
"потом","potom",,,,,,,,,,,,,,,,,,,,,,,,,,,,,,,,,,,
"сейчас","sejchas","sejchasto","sejas",,,,,,,,,,,,,,,,,,,,,,,,,,,,,,,,,
"поздно","pozdno",,,,,,,,,,,,,,,,,,,,,,,,,,,,,,,,,,,
"рано","rano",,,,,,,,,,,,,,,,,,,,,,,,,,,,,,,,,,,
"скоро","skoro","skoree","skorej",,,,,,,,,,,,,,,,,,,,,,,,,,,,,,,,,
"я","ja",,,,,,,,,,,,,,,,,,,,,,,,,,,,,,,,,,,
"ты","ty","ti","dy",,,,,,,,,,,,,,,,,,,,,,,,,,,,,,,,,
"мы","my",,,,,,,,,,,,,,,,,,,,,,,,,,,,,,,,,,,
"вы","vy",,,,,,,,,,,,,,,,,,,,,,,,,,,,,,,,,,,
"он","on",,,,,,,,,,,,,,,,,,,,,,,,,,,,,,,,,,,
"она","ona",,,,,,,,,,,,,,,,,,,,,,,,,,,,,,,,,,,
"они","oni",,,,,,,,,,,,,,,,,,,,,,,,,,,,,,,,,,,
"меня","menja",,,,,,,,,,,,,,,,,,,,,,,,,,,,,,,,,,,
"тебя","tebja","tebjato","tebyja",,,,,,,,,,,,,,,,,,,,,,,,,,,,,,,,,
"нас","nas",,,,,,,,,,,,,,,,,,,,,,,,,,,,,,,,,,,
"вас","vas",,,,,,,,,,,,,,,,,,,,,,,,,,,,,,,,,,,
"его","ego","ejo","jego",,,,,,,,,,,,,,,,,,,,,,,,,,,,,,,,,
"ее","ee",,,,,,,,,,,,,,,,,,,,,,,,,,,,,,,,,,,
"их","ix",,,,,,,,,,,,,,,,,,,,,,,,,,,,,,,,,,,
"мне","mne","mme",,,,,,,,,,,,,,,,,,,,,,,,,,,,,,,,,,
"тебе","tebe","tbe","te",,,,,,,,,,,,,,,,,,,,,,,,,,,,,,,,,
"нам","nami","nam",,,,,,,,,,,,,,,,,,,,,,,,,,,,,,,,,,
"вам","vam",,,,,,,,,,,,,,,,,,,,,,,,,,,,,,,,,,,
"ему","jemu",,,,,,,,,,,,,,,,,,,,,,,,,,,,,,,,,,,
"ей","ej",,,,,,,,,,,,,,,,,,,,,,,,,,,,,,,,,,,
"им","im",,,,,,,,,,,,,,,,,,,,,,,,,,,,,,,,,,,
"мой/моя","moi","moj","moja","mojo",,,,,,,,,,,,,,,,,,,,,,,,,,,,,,,,
"твой","tvoe","tvoego","tvoej","tvoi","tvoix","tvoj","tvoja","tvoji","tvojo","tvoju",,,,,,,,,,,,,,,,,,,,,,,,,,
"наш","nash","nasha","nashej","nashi",,,,,,,,,,,,,,,,,,,,,,,,,,,,,,,,
"ваш","vashego",,,,,,,,,,,,,,,,,,,,,,,,,,,,,,,,,,,
"его","ego","ejo","jego",,,,,,,,,,,,,,,,,,,,,,,,,,,,,,,,,
"ее","ee",,,,,,,,,,,,,,,,,,,,,,,,,,,,,,,,,,,
"их","ix",,,,,,,,,,,,,,,,,,,,,,,,,,,,,,,,,,,
"такой/такой же","takaja","taki","takie","takije","takoe","takogo","takoj","takoje","takom","takuju",,,,,,,,,,,,,,,,,,,,,,,,,,
"тот/та/те","tot","toj","te","tem","ta","tu","to","togo","tomu","tom","toto",,,,,,,,,,,,,,,,,,,,,,,,,
"это/этот/эти","æt","æta","æti","ætim","ætimi","ætix","æto","ætogo","ætoj","ætom","ætot","ætu",,,,,,,,,,,,,,,,,,,,,,,,
"сам/сама","sam","sama","sami","samoe","samoj","samym",,,,,,,,,,,,,,,,,,,,,,,,,,,,,,
"где?","gde","gdeto",,,,,,,,,,,,,,,,,,,,,,,,,,,,,,,,,,
"зачем?","zachem",,,,,,,,,,,,,,,,,,,,,,,,,,,,,,,,,,,
"как?","kak",,,,,,,,,,,,,,,,,,,,,,,,,,,,,,,,,,,
"какой?","kakaja","kakajato","kakie","kakieto","kakije","kakiju","kakim","kakimi","kakix","kakoe","kakoeto","kakogo","kakoj","kakom","kakuju",,,,,,,,,,,,,,,,,,,,,
"когда?","kogda","kodga",,,,,,,,,,,,,,,,,,,,,,,,,,,,,,,,,,
"кто?","kogo","kto","komu","kem","kom",,,,,,,,,,,,,,,,,,,,,,,,,,,,,,,
"куда?","kuda","kude","kudo",,,,,,,,,,,,,,,,,,,,,,,,,,,,,,,,,
"почему?","pochemu","pochemuto",,,,,,,,,,,,,,,,,,,,,,,,,,,,,,,,,,
"сколько?","skol'ko",,,,,,,,,,,,,,,,,,,,,,,,,,,,,,,,,,,
"чей?","chej",,,,,,,,,,,,,,,,,,,,,,,,,,,,,,,,,,,
"что?","chego","chegoto","chto","koechego","koe","chemu","chem","chom","cho","ctho",,,,,,,,,,,,,,,,,,,,,,,,,,
"в","v",,,,,,,,,,,,,,,,,,,,,,,,,,,,,,,,,,,
"за","za",,,,,,,,,,,,,,,,,,,,,,,,,,,,,,,,,,,
"из","iz","izo","izza",,,,,,,,,,,,,,,,,,,,,,,,,,,,,,,,,
"к","ko","k","ka",,,,,,,,,,,,,,,,,,,,,,,,,,,,,,,,,
"на","na","nj",,,,,,,,,,,,,,,,,,,,,,,,,,,,,,,,,,
"перед","pered",,,,,,,,,,,,,,,,,,,,,,,,,,,,,,,,,,,
"по","po",,,,,,,,,,,,,,,,,,,,,,,,,,,,,,,,,,,
"вверх/вверху","vverx",,,,,,,,,,,,,,,,,,,,,,,,,,,,,,,,,,,
"наверх/наверху","naverxzu",,,,,,,,,,,,,,,,,,,,,,,,,,,,,,,,,,,
"вниз/внизу","vniz","vnizu",,,,,,,,,,,,,,,,,,,,,,,,,,,,,,,,,,
"вон","von",,,,,,,,,,,,,,,,,,,,,,,,,,,,,,,,,,,
"вот","vot",,,,,,,,,,,,,,,,,,,,,,,,,,,,,,,,,,,
"вперед/впереди","vpered","vperedi",,,,,,,,,,,,,,,,,,,,,,,,,,,,,,,,,,
"высоко","vysoko",,,,,,,,,,,,,,,,,,,,,,,,,,,,,,,,,,,
"назад","nazad",,,,,,,,,,,,,,,,,,,,,,,,,,,,,,,,,,,
"низко","nizko",,,,,,,,,,,,,,,,,,,,,,,,,,,,,,,,,,,
"отсюда","otsuda",,,,,,,,,,,,,,,,,,,,,,,,,,,,,,,,,,,
"оттуда","ottuda",,,,,,,,,,,,,,,,,,,,,,,,,,,,,,,,,,,
"рядом","rjadochkom","rjadom",,,,,,,,,,,,,,,,,,,,,,,,,,,,,,,,,,
"сюда","sjuda","otsuda",,,,,,,,,,,,,,,,,,,,,,,,,,,,,,,,,,
"там","tam",,,,,,,,,,,,,,,,,,,,,,,,,,,,,,,,,,,
"под","pod",,,,,,,,,,,,,,,,,,,,,,,,,,,,,,,,,,,
"у","u",,,,,,,,,,,,,,,,,,,,,,,,,,,,,,,,,,,
"близко/ближе","blizko","poblizhe",,,,,,,,,,,,,,,,,,,,,,,,,,,,,,,,,,
"далеко","daleko","dal'she",,,,,,,,,,,,,,,,,,,,,,,,,,,,,,,,,,
"домой","domoj",,,,,,,,,,,,,,,,,,,,,,,,,,,,,,,,,,,
"здесь","zdes","zdes'","zdes'to",,,,,,,,,,,,,,,,,,,,,,,,,,,,,,,,,
"туда","ottuda","tuda",,,,,,,,,,,,,,,,,,,,,,,,,,,,,,,,,,
"тут","tut","tutochek",,,,,,,,,,,,,,,,,,,,,,,,,,,,,,,,,,
"все","vse","vsex","vsego","vsem","vsju","vsja","vsje","vsjo",,,,,,,,,,,,,,,,,,,,,,,,,,,,
"всё (в знач. Нет кончилось)","vsjo",,,,,,,,,,,,,,,,,,,,,,,,,,,,,,,,,,,
"еще","ehcho","esche","escho","esh'","eshchce","eshche","eshchno","eshcho","eshco","esho","eshshe","eshsho",,,,,,,,,,,,,,,,,,,,,,,,
"другой","drugaja","drugie","drugije","drugim","drugimi","drugix","drugoe","drugogo","drugoj","drugoje","druguju",,,,,,,,,,,,,,,,,,,,,,,,,
"мало","malo",,,,,,,,,,,,,,,,,,,,,,,,,,,,,,,,,,,
"много","mnogimi","mnogo","nemnogo","nemnozhechko","nemnozhko","nemozhko",,,,,,,,,,,,,,,,,,,,,,,,,,,,,,
"несколько","neskol'ko",,,,,,,,,,,,,,,,,,,,,,,,,,,,,,,,,,,
"нет","net","netnet","neto","netu","nea","ne",,,,,,,,,,,,,,,,,,,,,,,,,,,,,,
"хватит","xvatit",,,,,,,,,,,,,,,,,,,,,,,,,,,,,,,,,,,
"чуть-чуть","chut'","chut'chut'",,,,,,,,,,,,,,,,,,,,,,,,,,,,,,,,,,
"один","odin","odna","odni","odnim","odno","odnogo","odnoj","odnu","raz","razdva",,,,,,,,,,,,,,,,,,,,,,,,,,
"два","razdva","dva","dve","dvoe","dvux",,,,,,,,,,,,,,,,,,,,,,,,,,,,,,,
"три","tri","trex","tret'ja","tret'ju",,,,,,,,,,,,,,,,,,,,,,,,,,,,,,,,
"четыре","chetyre","chetyrex",,,,,,,,,,,,,,,,,,,,,,,,,,,,,,,,,,
"пять","pjat'",,,,,,,,,,,,,,,,,,,,,,,,,,,,,,,,,,,
"а","a",,,,,,,,,,,,,,,,,,,,,,,,,,,,,,,,,,,
"где","gdeto","gde",,,,,,,,,,,,,,,,,,,,,,,,,,,,,,,,,,
"если","is","esli",,,,,,,,,,,,,,,,,,,,,,,,,,,,,,,,,,
"и","i",,,,,,,,,,,,,,,,,,,,,,,,,,,,,,,,,,,
"или","ili","iji",,,,,,,,,,,,,,,,,,,,,,,,,,,,,,,,,,
"как","kak",,,,,,,,,,,,,,,,,,,,,,,,,,,,,,,,,,,
"какой","kakaja","kakajato","kakie","kakieto","kakije","kakiju","kakim","kakimi","kakix","kakoe","kakoeto","kakogo","kakoj","kakom","kakuju",,,,,,,,,,,,,,,,,,,,,
"когда","kogda",,,,,,,,,,,,,,,,,,,,,,,,,,,,,,,,,,,
"который","kotojara","kotoraja","kotoroe","kotoroj","kotorom","kotorujju","kotoruju","kotorye","kotoryj","kotorymi",,,,,,,,,,,,,,,,,,,,,,,,,,
"но","no",,,,,,,,,,,,,,,,,,,,,,,,,,,,,,,,,,,
"тоже","tozhe",,,,,,,,,,,,,,,,,,,,,,,,,,,,,,,,,,,
"что","chto",,,,,,,,,,,,,,,,,,,,,,,,,,,,,,,,,,,
"чтобы","chtob","chtoby",,,,,,,,,,,,,,,,,,,,,,,,,,,,,,,,,,
,,,,,,,,,,,,,,,,,,,,,,,,,,,,,,,,,,,,
"кенгуру","kenguru",,,,,,,,,,,,,,,,,,,,,,,,,,,,,,,,,,,
"нагрудник","nagrudnik","nagrudnika",,,,,,,,,,,,,,,,,,,,,,,,,,,,,,,,,,
"памперс","dejpersov","dejpersy","dejpersyi",,,,,,,,,,,,,,,,,,,,,,,,,,,,,,,,,
"лекарство/таблетка","lekarstva","lekarstvo","lekarstvoj","tabletku",,,,,,,,,,,,,,,,,,,,,,,,,,,,,,,,
"платок (носовой)","platochek","platok",,,,,,,,,,,,,,,,,,,,,,,,,,,,,,,,,,
"брысь/кыш","brys'",,,,,,,,,,,,,,,,,,,,,,,,,,,,,,,,,,,
"на (возьми)","na","nj",,,,,,,,,,,,,,,,,,,,,,,,,,,,,,,,,,
"надо/нужно","nado","nuzhen","nuzhna","nuzhno","nuzhny",,,,,,,,,,,,,,,,,,,,,,,,,,,,,,,
"ку-ку","kuku",,,,,,,,,,,,,,,,,,,,,,,,,,,,,,,,,,,
"тю-тю","tju-tju",,,,,,,,,,,,,,,,,,,,,,,,,,,,,,,,,,,
"мне/меня","mne","mme","menja",,,,,,,,,,,,,,,,,,,,,,,,,,,,,,,,,
"тебе/ты","tebe","tbe","te","ty","ti","dy",,,,,,,,,,,,,,,,,,,,,,,,,,,,,,
"вверх/вверху/наверх/наверху","naverxzu","vverx",,,,,,,,,,,,,,,,,,,,,,,,,,,,,,,,,,
,,,,,,,,,,,,,,,,,,,,,,,,,,,,,,,,,,,,
"курочка","kurice","kuricu","kurochka","kurochki",,,,,,,,,,,,,,,,,,,,,,,,,,,,,,,,
"спасибо","spasibo","spasiboto",,,,,,,,,,,,,,,,,,,,,,,,,,,,,,,,,,
"обнять","obnimaet","obnimaju","obnimi","obnjala",,,,,,,,,,,,,,,,,,,,,,,,,,,,,,,,
"принести","otnesti","ponesjot","ponesu","prines","prinesesh'","prineset","prinesi","prinesjom","prinesla","prinesu","prinise","prinisi","prinosit","neset","nesi","nesu","otnesla",,,,,,,,,,,,,,,,,,,
"одеть","odel","odelsja","odenesh","odenesh'","odenu","odet","odet'","odevaet","odevaetsja","odevajet","odevajsja","odevajutsja","odevat'","odevat'sja","odevatsja","pereodet'",,,,,,,,,,,,,,,,,,,,
"в (напр./в ведро)","v",,,,,,,,,,,,,,,,,,,,,,,,,,,,,,,,,,,
"к (напр./к маме)","ko","k","ka",,,,,,,,,,,,,,,,,,,,,,,,,,,,,,,,,
"на (напр./на столе)","na","nj",,,,,,,,,,,,,,,,,,,,,,,,,,,,,,,,,,
"под (напр./под стулом)","pod",,,,,,,,,,,,,,,,,,,,,,,,,,,,,,,,,,,
