"weee","а-а-а","aaa","aa",,,,,,,,,,,,,,,,,,,,,,,,,,,,,,,,,,
"woof woof","ав","av","gav",,,,,,,,,,,,,,,,,,,,,,,,,,,,,,,,,,
"yum yum","ам-ам/ням-ням","am","mmm",,,,,,,,,,,,,,,,,,,,,,,,,,,,,,,,,,
"thump","бух/бах/бам","bux","buxbax",,,,,,,,,,,,,,,,,,,,,,,,,,,,,,,,,,
"honk honk","га-га","ga",,,,,,,,,,,,,,,,,,,,,,,,,,,,,,,,,,,
"bzzz","жж","zh","zhzhzh",,,,,,,,,,,,,,,,,,,,,,,,,,,,,,,,,,
"caw","кар","kar","karrr",,,,,,,,,,,,,,,,,,,,,,,,,,,,,,,,,,
"croak","ква","kva",,,,,,,,,,,,,,,,,,,,,,,,,,,,,,,,,,,
"cluck","ко-ко","ko",,,,,,,,,,,,,,,,,,,,,,,,,,,,,,,,,,,
"lah lah","ля-ля-ля","lja",,,,,,,,,,,,,,,,,,,,,,,,,,,,,,,,,,,
"baa baa","ме","me","mme",,,,,,,,,,,,,,,,,,,,,,,,,,,,,,,,,,
"moo","му","mu","muu",,,,,,,,,,,,,,,,,,,,,,,,,,,,,,,,,,
"tick tock","тик-так","tik","tiktak",,,,,,,,,,,,,,,,,,,,,,,,,,,,,,,,,,
"stomp stomp","топ-топ","toptop",,,,,,,,,,,,,,,,,,,,,,,,,,,,,,,,,,,
"knock knock","тук-тук","tuk",,,,,,,,,,,,,,,,,,,,,,,,,,,,,,,,,,,
"choo choo","ту-ту/чух-чух","chu","chox",,,,,,,,,,,,,,,,,,,,,,,,,,,,,,,,,,
"awoo","уу","u","uuu",,,,,,,,,,,,,,,,,,,,,,,,,,,,,,,,,,
"yucky","фу","fu",,,,,,,,,,,,,,,,,,,,,,,,,,,,,,,,,,,
"oink","хрр/хрю","xrju",,,,,,,,,,,,,,,,,,,,,,,,,,,,,,,,,,,
"sss","шш","sh","psht",,,,,,,,,,,,,,,,,,,,,,,,,,,,,,,,,,
"butterfly","бабочка","babochek","babochekto","babochka","babochki","babochku",,,,,,,,,,,,,,,,,,,,,,,,,,,,,,,
"hippopotamus","бегемот","begemot",,,,,,,,,,,,,,,,,,,,,,,,,,,,,,,,,,,
"squirrel","белка","belka","belochka","belochki",,,,,,,,,,,,,,,,,,,,,,,,,,,,,,,,,
"wolf","волк","volk",,,,,,,,,,,,,,,,,,,,,,,,,,,,,,,,,,,
"sparrow","воробей","vorobej","vorobushka","vorobyshek","vorobyshki",,,,,,,,,,,,,,,,,,,,,,,,,,,,,,,,
"crow","ворона","vorona","vorony",,,,,,,,,,,,,,,,,,,,,,,,,,,,,,,,,,
"pigeon","голубь","golubi",,,,,,,,,,,,,,,,,,,,,,,,,,,,,,,,,,,
"goose","гусь","gusi","gusja",,,,,,,,,,,,,,,,,,,,,,,,,,,,,,,,,,
"hedgehog","ёж","ezh","ezhik","ezhika","ezhiki","ezhikom","ezhikov",,,,,,,,,,,,,,,,,,,,,,,,,,,,,,
"giraffe","жираф","zhiraf","zhirafy",,,,,,,,,,,,,,,,,,,,,,,,,,,,,,,,,,
"bug","жук","zhuka",,,,,,,,,,,,,,,,,,,,,,,,,,,,,,,,,,,
"bunny","заяц","zajac","zajchenysh","zajchik","zajchika","zajchika","zajchiki","zajchikom","zajchishka","zajchishkoj","zajchonok","zajcy","zajka","zajku",,,,,,,,,,,,,,,,,,,,,,,
"animal","звери","zverej","zveri","zverjushka",,,,,,,,,,,,,,,,,,,,,,,,,,,,,,,,,
"snake","змея","zmeja","zmeju",,,,,,,,,,,,,,,,,,,,,,,,,,,,,,,,,,
"goat","коза","koza","kozlik","kozlom","kozochka","kozochke","kozoj",,,,,,,,,,,,,,,,,,,,,,,,,,,,,,
"mosquito","комар","komar","komary",,,,,,,,,,,,,,,,,,,,,,,,,,,,,,,,,,
"stallion","конь","kon'","konik",,,,,,,,,,,,,,,,,,,,,,,,,,,,,,,,,,
"cow","корова","korova","korovka","korovu","korovy",,,,,,,,,,,,,,,,,,,,,,,,,,,,,,,,
"cat","кошка","koshka","koshke","koshki","koshku","kosichki","kot","kotik","kotika","kotjatami","kotjatki","kotjatok",,,,,,,,,,,,,,,,,,,,,,,,,
"alligator","крокодил","krokodil","krokodil'chik","krokodil'chikov","krokodila","krokodily",,,,,,,,,,,,,,,,,,,,,,,,,,,,,,,
"chicken (animal)","курица (animal)","kurice","kuricu","kurochka","kurochki",,,,,,,,,,,,,,,,,,,,,,,,,,,,,,,,
"fox","лиса","lisa","lisenka","lisichka","lisjata","lisjatki","lisjatochki","lisoj",,,,,,,,,,,,,,,,,,,,,,,,,,,,,
"horse","лошадь","loshad'","loshadej","loshadi","loshadka","loshadkax","loshadke","loshadki","loshadkoj","loshadku","loshadok",,,,,,,,,,,,,,,,,,,,,,,,,,
"frog","лягушка","kvakushka","ljagushka","ljagushke","ljagushki","ljagushku","kosichku",,,,,,,,,,,,,,,,,,,,,,,,,,,,,,
"bear","медведь","medved'","medvedja","medvedju","medvezhonka",,,,,,,,,,,,,,,,,,,,,,,,,,,,,,,,
"fly (animal)","муха","mux","muxa","muxi",,,,,,,,,,,,,,,,,,,,,,,,,,,,,,,,,
"mouse","мышка","myshek","myshka","myshke","myshki","myshkoj","myshomok","myshonka","myshonkom","myshonok",,,,,,,,,,,,,,,,,,,,,,,,,,,
"monkey","обезьяна","obes'jana","obez'jana","obez'jane","obez'janka","obez'janke","obez'janki","obez'jankin","obez'jankoj","obez'janku","obez'janu","obez'jany",,,,,,,,,,,,,,,,,,,,,,,,,
"donkey","ослик","oslik","oslika",,,,,,,,,,,,,,,,,,,,,,,,,,,,,,,,,,
"rooster","петух","petushka","petushok","petuxa","petuxom",,,,,,,,,,,,,,,,,,,,,,,,,,,,,,,,
"piglet","поросенок","porosenka","porosenke","porosenkov","porosenok","porosjat","porosjata","porosjonok",,,,,,,,,,,,,,,,,,,,,,,,,,,,,
"bird","птичка","ptica","ptichek","ptichka","ptichki","ptichkiny","ptichku","ptici","pticu",,,,,,,,,,,,,,,,,,,,,,,,,,,,
"fish (animal)","рыбка","ryb","ryba","rybka","rybki","rybkov","rybku","rybu","ryby",,,,,,,,,,,,,,,,,,,,,,,,,,,,
"pig","свинка","svinjusha",,,,,,,,,,,,,,,,,,,,,,,,,,,,,,,,,,,
"elephant","слон","slon","slona","slonik","slonika",,,,,,,,,,,,,,,,,,,,,,,,,,,,,,,,
"dog","собака","sobachek","sobachka","sobachkam","sobachke","sobachki","sobachkina","sobachkoj","sobachku","sobak","sobaka","sobake","sobaki","sobakina","sobakoj","sobaku","dog","dogo","doginy",,,,,,,,,,,,,,,,,,
"tiger","тигр","tigr","tigra","tigry",,,,,,,,,,,,,,,,,,,,,,,,,,,,,,,,,
"duck","утка","utjata","utjatki","utka","utkiny","utku","utochka","utochke","utochki","utochku",,,,,,,,,,,,,,,,,,,,,,,,,,,
"chick","цыпленок","cypljatki","cypljonok",,,,,,,,,,,,,,,,,,,,,,,,,,,,,,,,,,
"bus","автобус","avtobus","trollejbuse",,,,,,,,,,,,,,,,,,,,,,,,,,,,,,,,,,
"bicycle","велосипед","velosiped","velosipede","siped","sipede","sipedik","sipedike",,,,,,,,,,,,,,,,,,,,,,,,,,,,,,
"helicopter","вертолет","vertolet",,,,,,,,,,,,,,,,,,,,,,,,,,,,,,,,,,,
"truck","грузовик","gruzovika",,,,,,,,,,,,,,,,,,,,,,,,,,,,,,,,,,,
"stroller","коляска","koljaska","koljaskbe","koljaske","koljaskoj","koljasku","koljasochke",,,,,,,,,,,,,,,,,,,,,,,,,,,,,,
"boat","кораблик","korablik",,,,,,,,,,,,,,,,,,,,,,,,,,,,,,,,,,,
"car","машина","mashin","mashina","mashine","mashinka","mashinke","mashinu","mashiny",,,,,,,,,,,,,,,,,,,,,,,,,,,,,
"locomotive","паровоз","paravozik","parovozik","parovozike",,,,,,,,,,,,,,,,,,,,,,,,,,,,,,,,,
"train","поезд","poezd",,,,,,,,,,,,,,,,,,,,,,,,,,,,,,,,,,,
"airplane","самолет","samolete",,,,,,,,,,,,,,,,,,,,,,,,,,,,,,,,,,,
"sled","санки","sankax","sanke",,,,,,,,,,,,,,,,,,,,,,,,,,,,,,,,,,
"album","альбом","al'bom",,,,,,,,,,,,,,,,,,,,,,,,,,,,,,,,,,,
"bucket","ведро","vedryshko",,,,,,,,,,,,,,,,,,,,,,,,,,,,,,,,,,,
"toy (object)","игрушка","igrushek","igrushka","igrushkami","igrushki",,,,,,,,,,,,,,,,,,,,,,,,,,,,,,,,
"pen/pencil","карандаш","karandash","karandasha","karandashik","karandashikom",,,,,,,,,,,,,,,,,,,,,,,,,,,,,,,,
"glue","клей","kleem","klej","kleja",,,,,,,,,,,,,,,,,,,,,,,,,,,,,,,,,
"book","книга","knig","kniga","knige","knigi","knigu","knishka","knishku","knizhechka","knizhechku","knizhek","knizhka","knizhkami","knizhke","knizhki","knizhku","knizsku",,,,,,,,,,,,,,,,,,,,
"paint (object)","краски","kraski",,,,,,,,,,,,,,,,,,,,,,,,,,,,,,,,,,,
"block","кубики","kubik","kubika","kubiki","kubikov",,,,,,,,,,,,,,,,,,,,,,,,,,,,,,,,
"doll","кукла","kukla","kuklam","kukle","kukloj","kuklu","kukly","kukol","kukolka","kukolkam","kukolki","kukolkoj",,,,,,,,,,,,,,,,,,,,,,,,,
"shovel","лопатка","lopatka","lopatku",,,,,,,,,,,,,,,,,,,,,,,,,,,,,,,,,,
"puzzle","мозаика/пазл","mozaika","mozaiku",,,,,,,,,,,,,,,,,,,,,,,,,,,,,,,,,,
"ball","мяч","mjachik","mjachikami","mjachikom","mjachom",,,,,,,,,,,,,,,,,,,,,,,,,,,,,,,,
"song","песенка","pesenku",,,,,,,,,,,,,,,,,,,,,,,,,,,,,,,,,,,
"play dough","пластилин","plastelin",,,,,,,,,,,,,,,,,,,,,,,,,,,,,,,,,,,
"pen/pencil","ручка","ruchek","ruchka","ruchkami","ruchkax","ruchke","ruchki","ruchkoj","ruchku",,,,,,,,,,,,,,,,,,,,,,,,,,,,
"spade","совок","sovochek","sovochkom","sovok",,,,,,,,,,,,,,,,,,,,,,,,,,,,,,,,,
"story","сказка","skazku",,,,,,,,,,,,,,,,,,,,,,,,,,,,,,,,,,,
"picture","фотографии","fotografii","fotografija","fotografijami","fotografiu",,,,,,,,,,,,,,,,,,,,,,,,,,,,,,,,
"balloon","шарик","sharik","sharike","shariki","sharkika",,,,,,,,,,,,,,,,,,,,,,,,,,,,,,,,
"orange (food)","апельсин","apel'sinom",,,,,,,,,,,,,,,,,,,,,,,,,,,,,,,,,,,
"banana","банан","banan","bananom",,,,,,,,,,,,,,,,,,,,,,,,,,,,,,,,,,
"jam","варенье","varen'icem",,,,,,,,,,,,,,,,,,,,,,,,,,,,,,,,,,,
"vitamins","витамины","vitaminy",,,,,,,,,,,,,,,,,,,,,,,,,,,,,,,,,,,
"water (beverage)","вода","voda","vode","vodichka","vodichke","vodichkoj","vodichku",,,,,,,,,,,,,,,,,,,,,,,,,,,,,,
"pear","груша","grushi","grushu",,,,,,,,,,,,,,,,,,,,,,,,,,,,,,,,,,
"peas","горох","goroxa","goroxu",,,,,,,,,,,,,,,,,,,,,,,,,,,,,,,,,,
"mushrooms","грибы","gribami","gribochki","gribochkom","griby",,,,,,,,,,,,,,,,,,,,,,,,,,,,,,,,
"raisin","изюм","izjuma",,,,,,,,,,,,,,,,,,,,,,,,,,,,,,,,,,,
"cabbage","капуста","kapusta","kapustka","kapustku","kapustnic","kapustu",,,,,,,,,,,,,,,,,,,,,,,,,,,,,,,
"potato","картошка","kartofel'","kartoshechku","kartoshka","kartoshki","kartoshkoj",,,,,,,,,,,,,,,,,,,,,,,,,,,,,,,
"cereal","каша","kasha","kashi","kashka","kashku","kashu",,,,,,,,,,,,,,,,,,,,,,,,,,,,,,,
"yogurt drink","кефир","kefirchik",,,,,,,,,,,,,,,,,,,,,,,,,,,,,,,,,,,
"kiwi","киви","kivi",,,,,,,,,,,,,,,,,,,,,,,,,,,,,,,,,,,
"sausage","колбаса","kolbasoj","kolbasy",,,,,,,,,,,,,,,,,,,,,,,,,,,,,,,,,,
"candy","конфета","konfetka","konfetki","konfetku","konfetu","konfety",,,,,,,,,,,,,,,,,,,,,,,,,,,,,,,
"cutlet","котлета","kotletka","kotletki","kotletku",,,,,,,,,,,,,,,,,,,,,,,,,,,,,,,,,
"coffee","кофе","kofe",,,,,,,,,,,,,,,,,,,,,,,,,,,,,,,,,,,
"corn","кукуруза","kukuruza","kukuruzoj","kukuruzu",,,,,,,,,,,,,,,,,,,,,,,,,,,,,,,,,
"chicken (food)","курица (food)","kurice","kuricu","kurochka","kurochki",,,,,,,,,,,,,,,,,,,,,,,,,,,,,,,,
"onion","лук","luk",,,,,,,,,,,,,,,,,,,,,,,,,,,,,,,,,,,
"pasta","макароны","makaronami",,,,,,,,,,,,,,,,,,,,,,,,,,,,,,,,,,,
"butter","масло","maslom",,,,,,,,,,,,,,,,,,,,,,,,,,,,,,,,,,,
"honey","мед","mjod",,,,,,,,,,,,,,,,,,,,,,,,,,,,,,,,,,,
"milk","молоко","molochka","molochko",,,,,,,,,,,,,,,,,,,,,,,,,,,,,,,,,,
"carrots","морковка","morkofku","morkovka","morkovki","morkovkizhe","morkovku",,,,,,,,,,,,,,,,,,,,,,,,,,,,,,,
"ice cream","мороженое","morozhenoe","morozhenoje",,,,,,,,,,,,,,,,,,,,,,,,,,,,,,,,,,
"meat","мясо","mjasa","mjaso",,,,,,,,,,,,,,,,,,,,,,,,,,,,,,,,,,
"cucumber","огурец","ogurchik","ogurchiki","ogurec",,,,,,,,,,,,,,,,,,,,,,,,,,,,,,,,,
"cookie","печенье","pechen'e","pechen'em","pechen'ica","pechen'ice","pechen'ja","pechen'je","pechenje",,,,,,,,,,,,,,,,,,,,,,,,,,,,,
"tomato","помидор","pomidor","pomidorov","pomidory",,,,,,,,,,,,,,,,,,,,,,,,,,,,,,,,,
"cookie","пряник","prjanik","prjaniki",,,,,,,,,,,,,,,,,,,,,,,,,,,,,,,,,,
"fish (food)","рыба","ryb","ryba","rybka","rybki","rybkov","rybku","rybu","ryby",,,,,,,,,,,,,,,,,,,,,,,,,,,,
"sugar","сахар","saxar","saxarom",,,,,,,,,,,,,,,,,,,,,,,,,,,,,,,,,,
"beet","свекла","svekla","svekolkoj",,,,,,,,,,,,,,,,,,,,,,,,,,,,,,,,,,
"juice","сок","sok",,,,,,,,,,,,,,,,,,,,,,,,,,,,,,,,,,,
"salt","соль","sol'",,,,,,,,,,,,,,,,,,,,,,,,,,,,,,,,,,,
"soup","суп","sup","supa","supchik","supchike",,,,,,,,,,,,,,,,,,,,,,,,,,,,,,,,
"cheese","сыр","syr","syru",,,,,,,,,,,,,,,,,,,,,,,,,,,,,,,,,,
"cottage cheese","творог","tvorozhok",,,,,,,,,,,,,,,,,,,,,,,,,,,,,,,,,,,
"cake","торт","tort","torta","torte","tortika",,,,,,,,,,,,,,,,,,,,,,,,,,,,,,,,
"pumpkin","тыква","tykva",,,,,,,,,,,,,,,,,,,,,,,,,,,,,,,,,,,
"fruit","фрукт","frukty",,,,,,,,,,,,,,,,,,,,,,,,,,,,,,,,,,,
"bread","хлеб","xleb",,,,,,,,,,,,,,,,,,,,,,,,,,,,,,,,,,,
"tea","чай","chaj","chajku","chajkuto","chaju",,,,,,,,,,,,,,,,,,,,,,,,,,,,,,,,
"chips","чипсы","chips",,,,,,,,,,,,,,,,,,,,,,,,,,,,,,,,,,,
"chocolate","шоколад","shokolad","shokolada","shokoladku","shokoladom",,,,,,,,,,,,,,,,,,,,,,,,,,,,,,,,
"apple","яблоко","jablochkami","jablochki","jablochko","jabloki","jabloko",,,,,,,,,,,,,,,,,,,,,,,,,,,,,,,
"berry","ягода","jagodki",,,,,,,,,,,,,,,,,,,,,,,,,,,,,,,,,,,
"egg","яйцо","jaichke","jaichki","jaichko","jaichkom","jaichku","jajca","jajcami","jajco",,,,,,,,,,,,,,,,,,,,,,,,,,,,
"boots","ботинки","botinkami","botinkax","botinki","botinochki","botinok","botinokto",,,,,,,,,,,,,,,,,,,,,,,,,,,,,,
"pants","брюки","brjuki",,,,,,,,,,,,,,,,,,,,,,,,,,,,,,,,,,,
"beads","бусы","busikami","busikax","busy",,,,,,,,,,,,,,,,,,,,,,,,,,,,,,,,,
"mittens","варежки/рукавицы","rukavic","rukavicy",,,,,,,,,,,,,,,,,,,,,,,,,,,,,,,,,,
"tights","колготки","kolgotkax","kolgotki","kolgotochki","kolgotok","kolgoty",,,,,,,,,,,,,,,,,,,,,,,,,,,,,,,
"snowsuit","комбинезон","kombinezonistoe",,,,,,,,,,,,,,,,,,,,,,,,,,,,,,,,,,,
"sweater","кофта","koftochka","koftochki","koftochku","koftu",,,,,,,,,,,,,,,,,,,,,,,,,,,,,,,,
"coat","куртка","kurtochke","kurtochku",,,,,,,,,,,,,,,,,,,,,,,,,,,,,,,,,,
"shirt","майка","majku",,,,,,,,,,,,,,,,,,,,,,,,,,,,,,,,,,,
"sock","носки","noskami","noskax","noski","nosochek","nosochkax","nosochki","nosok",,,,,,,,,,,,,,,,,,,,,,,,,,,,,
"clothes","одежда","odezhda","odezhde","odezhdu",,,,,,,,,,,,,,,,,,,,,,,,,,,,,,,,,
"pajamas","пижама","pizhamku",,,,,,,,,,,,,,,,,,,,,,,,,,,,,,,,,,,
"dress (object)","платье","plat'e","plat'ev","plat'ice","plat'je",,,,,,,,,,,,,,,,,,,,,,,,,,,,,,,,
"button","пуговица","pugovica","pugovichki","pugovicy",,,,,,,,,,,,,,,,,,,,,,,,,,,,,,,,,
"shirt","рубашка","rubashechka","rubashechki","rubashechku","rubashka","rubashki","rubashku",,,,,,,,,,,,,,,,,,,,,,,,,,,,,,
"boots","сапоги","sapogi",,,,,,,,,,,,,,,,,,,,,,,,,,,,,,,,,,,
"sweater","свитер","sviter",,,,,,,,,,,,,,,,,,,,,,,,,,,,,,,,,,,
"slipper","тапки","tapki","tapochek","tapochki",,,,,,,,,,,,,,,,,,,,,,,,,,,,,,,,,
"underwear","трусы","trusikax","trusiki","trusixa","trusixoj","trusy",,,,,,,,,,,,,,,,,,,,,,,,,,,,,,,
"shoe","туфли","tufel'ki","tufel'koj","tufel'ku","tufli","tofel'ki",,,,,,,,,,,,,,,,,,,,,,,,,,,,,,,
"hat","шапка","Shapochka","Shapochku","shapka","shapke","shapku","shapochka","shapochku",,,,,,,,,,,,,,,,,,,,,,,,,,,,,
"pants","штаны","shtanishki","shtanov","shtany",,,,,,,,,,,,,,,,,,,,,,,,,,,,,,,,,
"hair","волосы","volosam","volosikax","volosiki","volosikov","volosy",,,,,,,,,,,,,,,,,,,,,,,,,,,,,,,
"eye","глазки","glaz","glaza","glazik","glazkami","glazki","glazom",,,,,,,,,,,,,,,,,,,,,,,,,,,,,,
"head","голова","golova","golovax","golove","golovke","golovku","golovoj","golovu",,,,,,,,,,,,,,,,,,,,,,,,,,,,,
"tummy","живот","zhyvot","zhivot","zhivote",,,,,,,,,,,,,,,,,,,,,,,,,,,,,,,,,
"tooth","зубы","zub","zubami","zubki","zubku","zubov","zuby","zubyto",,,,,,,,,,,,,,,,,,,,,,,,,,,,,
"face","лицо","lice","lichiko","licom",,,,,,,,,,,,,,,,,,,,,,,,,,,,,,,,,
"forehead","лоб","lobik","lobiku",,,,,,,,,,,,,,,,,,,,,,,,,,,,,,,,,,
"leg","нога","nog","noga","nogami","nogax","noge","nogi","nogoj","nogu",,,,,,,,,,,,,,,,,,,,,,,,,,,,
"nails","ногти","nogotki","nogti",,,,,,,,,,,,,,,,,,,,,,,,,,,,,,,,,,
"nose","нос","nos","nosa","nosik","nosikom","nocik",,,,,,,,,,,,,,,,,,,,,,,,,,,,,,,
"finger","палец","palec","pal'cy","pal'ca","pal'chik","pal'chikami","pal'chikom",,,,,,,,,,,,,,,,,,,,,,,,,,,,,,
"mouth","рот","rot","rotik",,,,,,,,,,,,,,,,,,,,,,,,,,,,,,,,,,
"arm","рука","ruka","rukami","rukax","ruke","ruki","rukoj","ruku","ruchek","ruchka","ruchkami","ruchkax","ruchke","ruchki","ruchkoj","ruchku",,,,,,,,,,,,,,,,,,,,,
"back (object)","спина","spinke",,,,,,,,,,,,,,,,,,,,,,,,,,,,,,,,,,,
"ear","ушки","ushen'ki","ushi","ushki","ushko",,,,,,,,,,,,,,,,,,,,,,,,,,,,,,,,
"neck","шея","shee","shejku",,,,,,,,,,,,,,,,,,,,,,,,,,,,,,,,,,
"tongue","язык","jazyk","jazyki",,,,,,,,,,,,,,,,,,,,,,,,,,,,,,,,,,
"jar","банка","banka","banke","banku","banochek","banochke",,,,,,,,,,,,,,,,,,,,,,,,,,,,,,,
"paper","бумага","bumazhka","bumazhki","bumazhkoj","bumazhku",,,,,,,,,,,,,,,,,,,,,,,,,,,,,,,,
"bottle","бутылочка","butylka","butylke","butylki","butylkoj","butylku","butylochka","butylochke","butylochku",,,,,,,,,,,,,,,,,,,,,,,,,,,,
"fork","вилка","vilkami","vilkoj","vilochkoj",,,,,,,,,,,,,,,,,,,,,,,,,,,,,,,,,
"nail","гвоздь","gvozdike",,,,,,,,,,,,,,,,,,,,,,,,,,,,,,,,,,,
"potty","горшок","gorshke","gorshochek","gorshochke","gorshok",,,,,,,,,,,,,,,,,,,,,,,,,,,,,,,,
"money","деньги","den'gi",,,,,,,,,,,,,,,,,,,,,,,,,,,,,,,,,,,
"picture","картинка","kartinka","kartinkax","kartinke","kartinki","kartinku",,,,,,,,,,,,,,,,,,,,,,,,,,,,,,,
"pot","кастрюля","kastrjul'ka","kastrjul'kax","kastrjul'ke","kastrjul'ki","kastrjul'ku","kastrjulechke","kastrjulju",,,,,,,,,,,,,,,,,,,,,,,,,,,,,
"keys","ключи","kljuchi","kljuchik","kljuchikom","kljuchom",,,,,,,,,,,,,,,,,,,,,,,,,,,,,,,,
"stroller","коляска","koljaska","koljaskbe","koljaske","koljaskoj","koljasku","koljasochke",,,,,,,,,,,,,,,,,,,,,,,,,,,,,,
"basket","корзина","korzinka","korzinke","korzinki","korzinku","korzinochka",,,,,,,,,,,,,,,,,,,,,,,,,,,,,,,
"box","коробка","korobka","korobke","korobku","korobochka","korobochke","korobochku",,,,,,,,,,,,,,,,,,,,,,,,,,,,,,
"wallet","кошелек","koshel'ka",,,,,,,,,,,,,,,,,,,,,,,,,,,,,,,,,,,
"cup","кружка","kruzhke","kruzhki","kruzhku","kruzhochki",,,,,,,,,,,,,,,,,,,,,,,,,,,,,,,,
"lamp","лампа","lampochka","lampu",,,,,,,,,,,,,,,,,,,,,,,,,,,,,,,,,,
"medicine","лекарство","lekarstva","lekarstvo","lekarstvoj",,,,,,,,,,,,,,,,,,,,,,,,,,,,,,,,,
"spoon","ложка","lozhechek","lozhechka","lozhechke","lozhechkoj","lozhechku","lozhek","lozhka","lozhkami","lozhki","lozhkoj","lozhku",,,,,,,,,,,,,,,,,,,,,,,,,
"voice recorder","магнитофон","magnitifon","magnitofon","magnitofona","magnotifon",,,,,,,,,,,,,,,,,,,,,,,,,,,,,,,,
"hammer","молоток","molotochek","molotochkom",,,,,,,,,,,,,,,,,,,,,,,,,,,,,,,,,,
"trash","мусор","musor","musorom",,,,,,,,,,,,,,,,,,,,,,,,,,,,,,,,,,
"soap","мыло","mylom",,,,,,,,,,,,,,,,,,,,,,,,,,,,,,,,,,,
"knife","нож","nozh","nozhek","nozhik","nozhom",,,,,,,,,,,,,,,,,,,,,,,,,,,,,,,,
"scissors","ножницы","nozhnicami","nozhnicy",,,,,,,,,,,,,,,,,,,,,,,,,,,,,,,,,,
"blanket","одеяло","odejal'ce","odejal'cem","odejalo","odejalom",,,,,,,,,,,,,,,,,,,,,,,,,,,,,,,,
"tissue","платок","platochek","platok",,,,,,,,,,,,,,,,,,,,,,,,,,,,,,,,,,
"stove","плита","plitu",,,,,,,,,,,,,,,,,,,,,,,,,,,,,,,,,,,
"pillow","подушка","podushku",,,,,,,,,,,,,,,,,,,,,,,,,,,,,,,,,,,
"towel","полотенце","polotence","polotencem",,,,,,,,,,,,,,,,,,,,,,,,,,,,,,,,,,
"dish","посуда","posudinku","posudoj","posudu","posudy",,,,,,,,,,,,,,,,,,,,,,,,,,,,,,,,
"vacuum","пылесос","pylesosik",,,,,,,,,,,,,,,,,,,,,,,,,,,,,,,,,,,
"light","свет","svete",,,,,,,,,,,,,,,,,,,,,,,,,,,,,,,,,,,
"dustpan","совок (для мусора)","sovochek","sovochkom","sovok",,,,,,,,,,,,,,,,,,,,,,,,,,,,,,,,,
"pacifier","соска","sosku","sosochka",,,,,,,,,,,,,,,,,,,,,,,,,,,,,,,,,,
"purse","сумка","sumka","sumke",,,,,,,,,,,,,,,,,,,,,,,,,,,,,,,,,,
"pill","таблетка","tabletku",,,,,,,,,,,,,,,,,,,,,,,,,,,,,,,,,,,
"sink","таз","tazik","tazike","tazom","tazu",,,,,,,,,,,,,,,,,,,,,,,,,,,,,,,,
"plate","тарелка","tarelek","tarelka","tarelki","tarelku","tarelochka","tarelochku",,,,,,,,,,,,,,,,,,,,,,,,,,,,,,
"tv","телевизор","televizore","televizoru",,,,,,,,,,,,,,,,,,,,,,,,,,,,,,,,,,
"telephone","телефон","telefon","telefonnyj","telefonu",,,,,,,,,,,,,,,,,,,,,,,,,,,,,,,,,
"rag","тряпка","trjapka","trjapku","trjapochka",,,,,,,,,,,,,,,,,,,,,,,,,,,,,,,,,
"refrigerator","холодильник","xolodil'nik",,,,,,,,,,,,,,,,,,,,,,,,,,,,,,,,,,,
"watch (object)","часы","chasy",,,,,,,,,,,,,,,,,,,,,,,,,,,,,,,,,,,
"cup","чашка","chashechka","chashechki","chashechku","chashecka","chashka","chashki","chashku",,,,,,,,,,,,,,,,,,,,,,,,,,,,,
"balcony","балкон","balkonchike","balkone",,,,,,,,,,,,,,,,,,,,,,,,,,,,,,,,,,
"bathtub","ванна","vannaja","vannochka","vannochke","vannoj","vannuju",,,,,,,,,,,,,,,,,,,,,,,,,,,,,,,
"door","дверь","dver'","dverka",,,,,,,,,,,,,,,,,,,,,,,,,,,,,,,,,,
"couch","диван","divan",,,,,,,,,,,,,,,,,,,,,,,,,,,,,,,,,,,
"shower","душ","dush","dusha","dushikom",,,,,,,,,,,,,,,,,,,,,,,,,,,,,,,,,
"mirror","зеркало","zerkale","zerkalo",,,,,,,,,,,,,,,,,,,,,,,,,,,,,,,,,,
"carpet","ковер","kovrike",,,,,,,,,,,,,,,,,,,,,,,,,,,,,,,,,,,
"room","комната","komnatax","komnatka",,,,,,,,,,,,,,,,,,,,,,,,,,,,,,,,,,
"faucet","кран","kran","krana","kranom",,,,,,,,,,,,,,,,,,,,,,,,,,,,,,,,,
"armchair","кресло","kresle","kreslo",,,,,,,,,,,,,,,,,,,,,,,,,,,,,,,,,,
"bed","кровать","krovat'","krovati","krovatka","krovatkato","krovatke","krovatki","krovatkoj","krovatku",,,,,,,,,,,,,,,,,,,,,,,,,,,,
"kitchen","кухня","kuxne",,,,,,,,,,,,,,,,,,,,,,,,,,,,,,,,,,,
"ladder","лестница","lestnice","lestnicy",,,,,,,,,,,,,,,,,,,,,,,,,,,,,,,,,,
"window","окно","okno","okoshechka","okoshechko","okoshke","okoshko",,,,,,,,,,,,,,,,,,,,,,,,,,,,,,,
"floor","пол","pol","pola","polu",,,,,,,,,,,,,,,,,,,,,,,,,,,,,,,,,
"table","стол","stol","stole","stoli","stolik","stolike","stolikom","stolom",,,,,,,,,,,,,,,,,,,,,,,,,,,,,
"chair","стул","stul","stul'chik","stul'chike","stul'chiki","stule","stulom",,,,,,,,,,,,,,,,,,,,,,,,,,,,,,
"closet","шкаф","shkaf","shkafchik",,,,,,,,,,,,,,,,,,,,,,,,,,,,,,,,,,
"birch","береза","berezka","berezke",,,,,,,,,,,,,,,,,,,,,,,,,,,,,,,,,,
"wind","ветер","veter",,,,,,,,,,,,,,,,,,,,,,,,,,,,,,,,,,,
"mud","грязь","grjaz'","grjazi",,,,,,,,,,,,,,,,,,,,,,,,,,,,,,,,,,
"tree","дерево","dereva","dereve","derevo",,,,,,,,,,,,,,,,,,,,,,,,,,,,,,,,,
"rain","дождь","dozhd'","dozhdik",,,,,,,,,,,,,,,,,,,,,,,,,,,,,,,,,,
"fir","елка","jolka",,,,,,,,,,,,,,,,,,,,,,,,,,,,,,,,,,,
"bush","куст","kust","kustom","kusty",,,,,,,,,,,,,,,,,,,,,,,,,,,,,,,,,
"puddle","лужа","luzha","luzham",,,,,,,,,,,,,,,,,,,,,,,,,,,,,,,,,,
"sky","небо","nebe","nebo",,,,,,,,,,,,,,,,,,,,,,,,,,,,,,,,,,
"stick","палка","palka","palkoj","palochki","palochku",,,,,,,,,,,,,,,,,,,,,,,,,,,,,,,,
"sand","песок","peske","pesochek","pesochka","pesochkom","pesok",,,,,,,,,,,,,,,,,,,,,,,,,,,,,,,
"bench","скамейка","skamejku",,,,,,,,,,,,,,,,,,,,,,,,,,,,,,,,,,,
"snow","снег","sneg",,,,,,,,,,,,,,,,,,,,,,,,,,,,,,,,,,,
"sun","солнце","solnce","solnyshka","solnyshke","solnyshko",,,,,,,,,,,,,,,,,,,,,,,,,,,,,,,,
"grass","трава","trava","trave","travkoj","travku","travu",,,,,,,,,,,,,,,,,,,,,,,,,,,,,,,
"flower","цветы","cvety","cvetochek","cvetochka","cvetochkami","cvetochki","cvetochkov",,,,,,,,,,,,,,,,,,,,,,,,,,,,,,
"cloud","облако","oblake",,,,,,,,,,,,,,,,,,,,,,,,,,,,,,,,,,,
"pool","бассейн","bassejne",,,,,,,,,,,,,,,,,,,,,,,,,,,,,,,,,,,
"garage","гараж","garazh","garazha",,,,,,,,,,,,,,,,,,,,,,,,,,,,,,,,,,
"slide (object)","горка","gorka","gorke","gorku",,,,,,,,,,,,,,,,,,,,,,,,,,,,,,,,,
"city","город","gorod","gorode",,,,,,,,,,,,,,,,,,,,,,,,,,,,,,,,,,
"outing","гости","gostej","gosti",,,,,,,,,,,,,,,,,,,,,,,,,,,,,,,,,,
"country house","дача","dachu",,,,,,,,,,,,,,,,,,,,,,,,,,,,,,,,,,,
"yard","двор","dvore",,,,,,,,,,,,,,,,,,,,,,,,,,,,,,,,,,,
"house","дом","dom","doma","dome","domik","domika","domike","domikom","domoke","domu",,,,,,,,,,,,,,,,,,,,,,,,,,,
"zoo","зоопарк","zoopark","zooparka","zooparke",,,,,,,,,,,,,,,,,,,,,,,,,,,,,,,,,
"swing (object)","качели","kachel'ke","kachele","kachelej","kacheli","kachelja","kacheljax",,,,,,,,,,,,,,,,,,,,,,,,,,,,,,
"woods","лес","les","lesu",,,,,,,,,,,,,,,,,,,,,,,,,,,,,,,,,,
"store","магазин","magazin","magazine",,,,,,,,,,,,,,,,,,,,,,,,,,,,,,,,,,
"lake","озеро","ozere","ozero",,,,,,,,,,,,,,,,,,,,,,,,,,,,,,,,,,
"park","парк","park","parke",,,,,,,,,,,,,,,,,,,,,,,,,,,,,,,,,,
"sandbox","песочница","pesochnice",,,,,,,,,,,,,,,,,,,,,,,,,,,,,,,,,,,
"work (place)","работа","rabota","rabotu",,,,,,,,,,,,,,,,,,,,,,,,,,,,,,,,,,
"river","река","reka","reke",,,,,,,,,,,,,,,,,,,,,,,,,,,,,,,,,,
"garden","сад/садик","sad","sadik",,,,,,,,,,,,,,,,,,,,,,,,,,,,,,,,,,
"street","улица","ulice","ulicu",,,,,,,,,,,,,,,,,,,,,,,,,,,,,,,,,,
"mommy","мама","mam","mama","mamaa","mamami","mamato","mame","mamin","mamina","maminoj","maminy","mamochka","mamoj","mamu","mamulen'ka","mamy","mummy's",,,,,,,,,,,,,,,,,,,,
"daddy","папа","papa","pape","papina","papiny","papoj","papu","papy",,,,,,,,,,,,,,,,,,,,,,,,,,,,,
"grandma","бабушка","babu","babushka","babushki","babushkoj","baby","baba",,,,,,,,,,,,,,,,,,,,,,,,,,,,,,
"grandpa","дедушка","ded","deda","dedin","dedina","dedoj","dedu","deduka","deduke","dedukoj","deduku","dedushkoj","dedy",,,,,,,,,,,,,,,,,,,,,,,,
"brother","брат","brat'","brat'ja","bratec","bratik",,,,,,,,,,,,,,,,,,,,,,,,,,,,,,,,
"sister","сестра","sestra","sestrichka",,,,,,,,,,,,,,,,,,,,,,,,,,,,,,,,,,
"daughter","дочка","doch'","dochen'ka","dochka","dochki",,,,,,,,,,,,,,,,,,,,,,,,,,,,,,,,
"son","сын","syna","synochka","synochki",,,,,,,,,,,,,,,,,,,,,,,,,,,,,,,,,
"babysitter","няня","njanej",,,,,,,,,,,,,,,,,,,,,,,,,,,,,,,,,,,
"girl","девочка","devchonka","devochek","devochka","devochke","devochki","devochkoj","devochku",,,,,,,,,,,,,,,,,,,,,,,,,,,,,
"boy","мальчик","mal'chi","mal'chik","mal'chika","mal'chike","mal'chiki","mal'chikom",,,,,,,,,,,,,,,,,,,,,,,,,,,,,,
"baby","малыш","malysh","malyshej","malyshi",,,,,,,,,,,,,,,,,,,,,,,,,,,,,,,,,
"child","ребенок","rebenkom","rebenok","rebjata","rebjonkom","rebjonok","rebo'nka","rebo'nok",,,,,,,,,,,,,,,,,,,,,,,,,,,,,
"child","дети","det'mi","detej","deti","detjam","detki","detok",,,,,,,,,,,,,,,,,,,,,,,,,,,,,,
"guest","гость","gostej","gosti",,,,,,,,,,,,,,,,,,,,,,,,,,,,,,,,,,
"friend","друг","drug","druga","drugu","drugom","druz'ja","druzhishche","druzhochek","podruzhka",,,,,,,,,,,,,,,,,,,,,,,,,,,,
"friend","подруга","podruzhka",,,,,,,,,,,,,,,,,,,,,,,,,,,,,,,,,,,
"uncle","дядя","djada","djadej","djaden'ka","djadi","djadja","djaja","diada","diade","diadu","didja",,,,,,,,,,,,,,,,,,,,,,,,,,
"aunt","тетя","tjota","tjotha","tjoti","tjotin","tjotja","tjotju",,,,,,,,,,,,,,,,,,,,,,,,,,,,,,
"doctor","доктор/врач","doktor","vrach",,,,,,,,,,,,,,,,,,,,,,,,,,,,,,,,,,
"clown","клоун","kloun",,,,,,,,,,,,,,,,,,,,,,,,,,,,,,,,,,,
"people","люди","ljudi",,,,,,,,,,,,,,,,,,,,,,,,,,,,,,,,,,,
"person","человек","chelovechek","chelovek","cheloveka",,,,,,,,,,,,,,,,,,,,,,,,,,,,,,,,,
"bye","пока","poka",,,,,,,,,,,,,,,,,,,,,,,,,,,,,,,,,,,
"hello","здравствуй/те","zdras'te","zdravstvuj","zdravstvujte","zdravsvuj","zdravsvujte",,,,,,,,,,,,,,,,,,,,,,,,,,,,,,,
"hi","привет","privet",,,,,,,,,,,,,,,,,,,,,,,,,,,,,,,,,,,
"thank you","cпасибо","spasibo","spasiboto",,,,,,,,,,,,,,,,,,,,,,,,,,,,,,,,,,
"please","пожалуйста","pozhalujsta",,,,,,,,,,,,,,,,,,,,,,,,,,,,,,,,,,,
"don't","нельзя","nel'zja",,,,,,,,,,,,,,,,,,,,,,,,,,,,,,,,,,,
"can (auxiliary)","можно","mozhno","mozho","mozno",,,,,,,,,,,,,,,,,,,,,,,,,,,,,,,,,
"yes","да","da","daaa",,,,,,,,,,,,,,,,,,,,,,,,,,,,,,,,,,
"no","нет (routine)","net","netnet",,,,,,,,,,,,,,,,,,,,,,,,,,,,,,,,,,
"let's","давай (напр. давай пойдем)","davaj","davajka","dvaj",,,,,,,,,,,,,,,,,,,,,,,,,,,,,,,,,
"let","пусть/пускай","pust'",,,,,,,,,,,,,,,,,,,,,,,,,,,,,,,,,,,
"breakfast","завтрак","zavtrak",,,,,,,,,,,,,,,,,,,,,,,,,,,,,,,,,,,
"lunch","обед","obed","obeda","obedom","obedy",,,,,,,,,,,,,,,,,,,,,,,,,,,,,,,,
"lunch","полдник","poldnik",,,,,,,,,,,,,,,,,,,,,,,,,,,,,,,,,,,
"dinner","ужин","uzhin",,,,,,,,,,,,,,,,,,,,,,,,,,,,,,,,,,,
"run","бегать/бежать","ubegaet","begaet","begaet'","begajut","begal","begut","bezhali","bezhat'","bezhim","bezhit","razbegalis'","ubezhala","pobezhal","pobezhala","pobezhalo",,,,,,,,,,,,,,,,,,,,,
"be scared","бояться","boish'sja","boitsja","bojalas'","bojalis'","bojals'","bojat'sja","bojatsja","bojitsja","bojsja","bojus'",,,,,,,,,,,,,,,,,,,,,,,,,,
"take","брать","brat'","otobrat'","sobrat'","ubrat'","beresh'","beret",,,,,,,,,,,,,,,,,,,,,,,,,,,,,,
"throw","бросать","brosaetsja","brosaj","brosal","brosat'","brosat'sja","brosila","brosili","brosit'",,,,,,,,,,,,,,,,,,,,,,,,,,,,
"cook","варить","svari","svarila","svarish'","svarit'","varila","varit","varit'","varit's","varit'sja","varitsja","varju",,,,,,,,,,,,,,,,,,,,,,,,,
"take","взять","vzjal","vzjala","vzjali","vzjat'","voz'mem","voz'mesh'","voz'mi","voz'mu",,,,,,,,,,,,,,,,,,,,,,,,,,,,
"see","видеть","uvidela","uvideli","uvidish'","videl","videla","videli","videlis'","videsh","videt'","vidim","vidish","vidish'","vidit","vidjat","vizhu",,,,,,,,,,,,,,,,,,,,,
"turn on","включить","vkljuchat'","vkljuchilas'","vkljucila",,,,,,,,,,,,,,,,,,,,,,,,,,,,,,,,,
"wake","вставать","vstal","vstan'","vstat'","vstavaj","vstavala","vstavat'",,,,,,,,,,,,,,,,,,,,,,,,,,,,,,
"wipe","вытирать","vyteret'","vyterla","vytiraesh'","vytiraet","vytirat'","vytirat'sja","vytri","vytru",,,,,,,,,,,,,,,,,,,,,,,,,,,,
"talk","говорить","zagovorila","dogovorilis'","dogovorit'sja","govori","govoril","govorila","govorili","govorim","govorish","govorish'","govorit","govorit'","govorja","govorjat","govorju","pogovori","pogovorim","pogovorit'","pogovorit's",,,,,,,,,,,,,,,,,
"walk","гулять","poguljaem","poguljat'","guljaem","guljaet","guljajut","guljala","guljali","guljan'e","guljat'","guljaut",,,,,,,,,,,,,,,,,,,,,,,,,,
"give","дать","dat'","dat","dali","dam","dal","dala","dadim","dadut","daem","daesh","daesh'","daet","daj","dajte","daju","otdala","otdam","otdat'","otdavaj",,,,,,,,,,,,,,,,,
"make","делать","delaem","delaesh","delaesh'","delaesh'sebe","delaet","delaetsja","delaj","delajaet","delajesh","delajet","delaju","delajut","delajutsja","delajuy","delal","delala","delali","delaseh","delat'","delat'to","deljaet","delyj","sdelaem","sdelaesh'","sdelaj","sdelaju","sdelal","sdelala","sdelali","sdelalis'","sdelat'","zdelaem","zdelal","zdelala","zdelali","zdelat'"
"take out","достать","dostaju","dostalos'","dostan'","dostanem","dostanu","dostat'","Dostan'",,,,,,,,,,,,,,,,,,,,,,,,,,,,,
"blow","дуть","dut'","podula","zadula","dul",,,,,,,,,,,,,,,,,,,,,,,,,,,,,,,,
"eat","есть","jest'",,,,,,,,,,,,,,,,,,,,,,,,,,,,,,,,,,,
"drive","ездить/ехать","jedet","v'exala","exala","exali","exat'","poexala","poexali","poexat'","priedet","priexal","priexala","priexali","priezzhal","uexala","uedu","ezdila","ezdili","ezdit","ezdit'",,,,,,,,,,,,,,,,,
"wait","ждать","podozhdat'","podozhdi","podozhdika","zhdala","zhdali","zhdet","zhdu",,,,,,,,,,,,,,,,,,,,,,,,,,,,,
"close","закрыть","zakroem","zakroesh'","zakroetsja","zakroj","zakroju","zakryla","zakryli","zakrylsja","zakryt'","zakrytaja","zakryto","zakryty","zakryvaesh'","zakryvaetsja","zakryvaju",,,,,,,,,,,,,,,,,,,,,
"climb","залезть","zalest'","zalez","zalez'","zalezaj","zalezat'","zalezla","zalezt'",,,,,,,,,,,,,,,,,,,,,,,,,,,,,
"invite","звать","nazovem","nazovi","nazval","nazyvaesh'","nazyvaetsja","nazyvajut","nazyvajutsja","nazyvalos'","pozvala","zvala","zvali",,,,,,,,,,,,,,,,,,,,,,,,,
"call on phone","звонить","pozvoni","pozvonit'",,,,,,,,,,,,,,,,,,,,,,,,,,,,,,,,,,
"play","играть","igraesh'","igraeshsja","igraet","igrajsja","igrajut","igrajutsja","igrala","igralas'","igrali","igralis'","igrat'","igrat'sja","poigrajsja","poigral","poigrat'","poigrat'sja","poigratsja",,,,,,,,,,,,,,,,,,,
"go","идти/пойти","idem","idesh","idesh'","idet","idi","idjot","idti","idut","pridet","pridetsja","pridi","pridu","pojdem","pojdesh'","pojdet","pojdi","pojdjom","pojdu","pojdut","ujdet","ujti","vojdut","zajdet","otojdi","perejdem","podojdem","podojdi","podojti","pojti","xozhu",,,,,,
"look for","искать","ishchet","iskala","iskat'","poishchi","poishchu","poiskat'",,,,,,,,,,,,,,,,,,,,,,,,,,,,,,
"go potty","какать","pokakal",,,,,,,,,,,,,,,,,,,,,,,,,,,,,,,,,,,
"drip","капать","nakapalo",,,,,,,,,,,,,,,,,,,,,,,,,,,,,,,,,,,
"ride","катать/кататься","kataesh'sja","kataeshsja","kataetsja","katajesh","katajetsja","katajsja","katajutsja","katalas'","katalis'","katat'","katat'sa","katat'sja","katatsja","katit'sja","pokatat'","pokatat'sja","pokatit'sja",,,,,,,,,,,,,,,,,,,
"swing (action)","качать/качаться","kachat'","kachat'sja",,,,,,,,,,,,,,,,,,,,,,,,,,,,,,,,,,
"throw","кидать","kidaesh'","kidaj","kidaju","kidala","kidat'","kinula","raskidal","raskidala","raskidat'","nakinut'","skinut'",,,,,,,,,,,,,,,,,,,,,,,,,
"put","класть","kladem","kladesh'","kladi","kladu","klast'","skladyvaj","skladyvat'",,,,,,,,,,,,,,,,,,,,,,,,,,,,,
"dig","копать","kopaesh'","kopaet","kopala",,,,,,,,,,,,,,,,,,,,,,,,,,,,,,,,,
"feed","кормить","kormish'","kormit","kormit'","nakormish'","nakormit'","pokormit'",,,,,,,,,,,,,,,,,,,,,,,,,,,,,,
"paint (action)","красить","krasitsja","pokrasit'",,,,,,,,,,,,,,,,,,,,,,,,,,,,,,,,,,
"shout","кричать","krichala","krichat","krichat'","krichit",,,,,,,,,,,,,,,,,,,,,,,,,,,,,,,,
"bathe","купать/купаться","kupaet","kupaetsja","kupaj","kupajus'","kupajutsja","kupalis'","kupat'","kupat'sa","kupat'sja","kupat'sjato","kupatsja","pokupalis'",,,,,,,,,,,,,,,,,,,,,,,,
"bite","кусать/кусаться","kusaet","kusaetsja","kusajutsja","kusali","otkusyvaesh'","pokusal","pokusali","prokusil","ukusil","Kusala",,,,,,,,,,,,,,,,,,,,,,,,,,
"eat","кушать","kushaesh","kushaet","kushaj","kushajet","kushajut","kushal","kushala","kushalal","kushali","kushat","kushat'","pokushat'",,,,,,,,,,,,,,,,,,,,,,,,
"lie","лежать","polezhat'","polezhit","lezhala","lezhalo","lezhat","lezhat'","lezhish'","lezhit",,,,,,,,,,,,,,,,,,,,,,,,,,,,
"climb","лезть","lezesh'","lezet","polezla","prolezla","prolezlo","slez'","slezaet","slezaj","slezesh'","vlezu","vylezaj","vylezat'","vylezet","vylezli","vylezu","zalest'","zalez","zalez'","zalezaj","zalezat'","zalezla","zalezt'","vylesu","lazesh'",,,,,,,,,,,,
"fly (action)","летать/лететь","letaet","letajushch","letajut","letala","letit","letjat","letushch","naletali","poletel","poleteli","poletit","proletela","uleti","vletajut","vyletajut",,,,,,,,,,,,,,,,,,,,,
"break","ломать","lomaesh'","lomaet","lomaj","lomat'","slomaesh'","slomaesh'sja","slomal","slomala","slomalas'","slomalos'",,,,,,,,,,,,,,,,,,,,,,,,,,
"love","любить","ljubil","ljubila","ljubish","ljubish'","ljubit","ljubjat","ljublju","ljuibit",,,,,,,,,,,,,,,,,,,,,,,,,,,,
"smear","мазать","mazat'","mazhesh'","mazhet","mazhut","namazala","namazh'","pomazal","pomazala","pomazali","pomazat'","pomazh'",,,,,,,,,,,,,,,,,,,,,,,,,
"wash","мыть/мыться","myt'","pomyla","pomyli","pomyt'","umyt'sja","umyvaetsja","umyvajutsja","umyvat'sja","vymyla",,,,,,,,,,,,,,,,,,,,,,,,,,,
"name","назвать/называться","nazovem","nazovi","nazval","nazyvaesh'","nazyvaetsja","nazyvajut","nazyvajutsja","nazyvalos'","nazavaetsja",,,,,,,,,,,,,,,,,,,,,,,,,,,
"bring","нести","otnesti","ponesjot","ponesu","prines","prinesesh'","prineset","prinesi","prinesjom","prinesla","prinesu","prinise","prinisi","prinosit","neset","nesi","nesu","otnesla",,,,,,,,,,,,,,,,,,,
"like","нравиться","ponravilas'","ponravilos'","ponravitsja","nravilos'","nravish'sja","nravitsja",,,,,,,,,,,,,,,,,,,,,,,,,,,,,,
"pour","облить","oblilas'",,,,,,,,,,,,,,,,,,,,,,,,,,,,,,,,,,,
"hug","обнимать","obnimaet","obnimaju","obnimi","obnjala",,,,,,,,,,,,,,,,,,,,,,,,,,,,,,,,
"dress (action)","одевать","odel","odelsja","odenesh","odenesh'","odenu","odet","odet'","odevaet","odevaetsja","odevajet","odevajsja","odevajutsja","odevat'","odevat'sja","odevatsja","pereodet'",,,,,,,,,,,,,,,,,,,,
"open (action)","открыть","otkdryvaetsja","otkroem","otkroet","otkroj","otkroju","otkryla","otkrylos'","otkryt'","otkryvaem","otkryvaj","otkryvajet","otkryvajetsja","otkryvat'",,,,,,,,,,,,,,,,,,,,,,,
"fall","падать","padaesh","padaesh'","padajet","padali","padalo","papadali",,,,,,,,,,,,,,,,,,,,,,,,,,,,,,
"sing","петь","pet'","spet'","pojot","pojut",,,,,,,,,,,,,,,,,,,,,,,,,,,,,,,,
"go potty","пúсать","popisila","popisit'","napisila","pis'","pis'pis'","pisiesh'","pisiet","pisit'",,,,,,,,,,,,,,,,,,,,,,,,,,,,
"write","писáть","zapisat'","zapishem","zapisjalsja","zapisyvaem","zapisyvaet","zapisyvaetsja","zapisyvajte","zapisyvat'","napisano","pishet","pist'",,,,,,,,,,,,,,,,,,,,,,,,,
"drink (action)","пить","popit'","vypil","vypila","vypili","vypit'","vyp'em","vyp'esh'","vyp'et","pit'","pil","dopila","napilas'",,,,,,,,,,,,,,,,,,,,,,,,
"swim","плавать/плыть","poplavaem","plavaet","plavaju","plavajut","plaval","plavali",,,,,,,,,,,,,,,,,,,,,,,,,,,,,,
"cry","плакать","plach'","plachem","plachesh","plachesh'","plachet","plakal","plakala","plakat'","zaplakal",,,,,,,,,,,,,,,,,,,,,,,,,,,
"sweep","подметать","podmetat'",,,,,,,,,,,,,,,,,,,,,,,,,,,,,,,,,,,
"catch","поймать","pojmal","pojmala","pojmat'",,,,,,,,,,,,,,,,,,,,,,,,,,,,,,,,,
"show","показать","pokazat'","pokazhi","pokazhu","pokazyvaesh'","pokazyvaet","pokazyvala","pokazyvali","pokazyvat'","mokazhi",,,,,,,,,,,,,,,,,,,,,,,,,,,
"buy","покупать","pokupaem","pokupat'","kupil","kupili","kupit'",,,,,,,,,,,,,,,,,,,,,,,,,,,,,,,
"put","положить","polozhi","polozhil","polozhila","polozhili","polozhim","polozhish'","polozhit","polozhit'","polozhu","slozhi","slozhil","slozhila","slozhili","slozhilis'","slozhim","slozhit'","slozhu","ulozhi","lozhatsja","lozhis'","lozhish'sja","lozhit","lozhit'sja","otlozhish'","otlozhit'","otlozhu",,,,,,,,,,
"crawl","ползать","polzaet","polzat'","polzet","upolzi",,,,,,,,,,,,,,,,,,,,,,,,,,,,,,,,
"remember","помнить","pomnesh'","pomnetsja","pomnish","pomnish'","pomnju","vspomnila","vspominaj",,,,,,,,,,,,,,,,,,,,,,,,,,,,,
"help","помогать","pomog","pomogal","pomogala","pomogat'","pomogi","pomogu","pomoch'","pomozhem","pomozhesh'","pomozhet",,,,,,,,,,,,,,,,,,,,,,,,,,
"comb (action)","причесать/причесаться","prichesala","prichesalis'","prichesat'","pricheshemsja","pricheshis'","prichesyvaesh'sja","prichesyvaetsja","prichesyvajsja","prichesyvat'",,,,,,,,,,,,,,,,,,,,,,,,,,,
"jump","прыгать","prygaesh","prygaesh'","prygaet","prygajet","prygajut","prygali","prygat'","prygat'to","prygnula",,,,,,,,,,,,,,,,,,,,,,,,,,,
"hide","прятать/прятаться","sprjatalas'","sprjatalsja","prjacheshsja","prjachet'sja","prjachetsja","prjachutsja",,,,,,,,,,,,,,,,,,,,,,,,,,,,,,
"work (action)","работать","rabotaet","rabotajet",,,,,,,,,,,,,,,,,,,,,,,,,,,,,,,,,,
"cut","резать","porezal","razrezhu","rezat'","rezhetsja","srezal","srezala",,,,,,,,,,,,,,,,,,,,,,,,,,,,,,
"draw","рисовать","razrisoval","razrisovala","risovala","risuet","narisoval","narisovat'","narisuesh'","narisuet","narisuju","porisuesh'",,,,,,,,,,,,,,,,,,,,,,,,,,
"sit","сидеть","posadila","posadim","posadish'","posadit'","posazhu","poseli","posidet'","posidi","posidim","sidel","sidela","sidet","sidet'","sidi","sidish'","sidit","sidjat","sel","sela",,,,,,,,,,,,,,,,,
"hear","слушать/слышать","slushaet","slushaj","slushala","slushali","slushalsja","slushat'","slysh'","slyshala","slyshit","slyshno","slyshu","poslushaem","poslushaj","poslushal","poslushat'",,,,,,,,,,,,,,,,,,,,,
"laugh","смеяться","smeesh'sja","smeetsja",,,,,,,,,,,,,,,,,,,,,,,,,,,,,,,,,,
"look","смотреть","smitri","smotrel","smotrela","smotret'","smotri","smotrika","smotrim","smotrish","smotrish'","smotrit","smotrite","smotrjat","Smotri","posmitri","posmortrim","posmotrela","posmotret","posmotret'","posmotri","posmotri'ka","posmotrika","posmotrim","posmotrish'","posmotrit","posmpotrim",,,,,,,,,,,
"take off","снимать","snimaem","snimaet","snimaj","snimaju","snimal","snimat'","snimem","snimesh'","snimi","snimu","snjala","snjalas'","snjali","snjat","snjat'",,,,,,,,,,,,,,,,,,,,,
"collect","собирать","sobiraesh'sja","sobirajetsja","sobirajutsja","sobiral","sobirala","sobirali","sobirat'","sobrala","sobralas'","sobralis'","sobrat'",,,,,,,,,,,,,,,,,,,,,,,,,
"sleep","спать","spal","spala","spalisja","spat","spat'","spat'to","spaten'ki","spatenki","pospal","pospat'","pospit","prispala","prospala",,,,,,,,,,,,,,,,,,,,,,,
"put","ставить","stav'","stavim","stavit'","vystavil","ostav'","ostavit'","ostavljat'","ostavlju","otstav'","postav'","postavila","postavili","postavim","postavit'","postavlju",,,,,,,,,,,,,,,,,,,,,
"wash","стирать","stiraet","stirat'","vystirala","postirat'",,,,,,,,,,,,,,,,,,,,,,,,,,,,,,,,
"stand","стоять","stoish","stoish'","stoit","stoj","stojal","stojala","stojat","stojat'",,,,,,,,,,,,,,,,,,,,,,,,,,,,
"cut","стричь","strich'","strizhet","otstrizhem","postrigli","postrizhem","postrizhesh'","postrizhet","sostrich'","sostrizhem",,,,,,,,,,,,,,,,,,,,,,,,,,,
"build","строить","stroila","stroit","stroit'","strojat","postroila","postroim","postroish'","postroit'","postroj","postroju","vystroilis'","vystroim",,,,,,,,,,,,,,,,,,,,,,,,
"knock","стучать/стучаться","postuchi","postuchim","postuchish'","stuchala","stuknula",,,,,,,,,,,,,,,,,,,,,,,,,,,,,,,
"dance","танцевать","potancuj","tancuesh'","tancuet","tancujut",,,,,,,,,,,,,,,,,,,,,,,,,,,,,,,,
"carry","тащить","tashchi","vytashchish'","vytashchit",,,,,,,,,,,,,,,,,,,,,,,,,,,,,,,,,
"push","толкать","tolkaj",,,,,,,,,,,,,,,,,,,,,,,,,,,,,,,,,,,
"smile","улыбаться","ulybaetsja","ulybnulis'","ulybnulsja",,,,,,,,,,,,,,,,,,,,,,,,,,,,,,,,,
"tire","устать","ustala","ustali",,,,,,,,,,,,,,,,,,,,,,,,,,,,,,,,,,
"grab","хватать","sxvati","sxvatila","sxvatili","sxvatit","sxvatit'","xvataet","xvataj","xvatajsja",,,,,,,,,,,,,,,,,,,,,,,,,,,,
"clap","хлопать","xlop",,,,,,,,,,,,,,,,,,,,,,,,,,,,,,,,,,,
"wanna","хотеть","xotel","xotela","xoteli","xotelos'","xotite","xotjat","xoxhesh","zaxotel","zaxotela","zaxochesh'","zaxochet","xochash'","xoches","xoches'","xochesh","xochesh'","xochet","xochetsja","xochu",,,,,,,,,,,,,,,,,
"walk","ходить","zaxodi","otxodit'","prixodi","prixodil","prixodili","prixodit","prixodit'","proxodit","vxodit","vyxodil","vyxodit","vyxodit'","xodi","xodil","xodila","xodili","xodim","xodish","xodish'","xodit","xodit'","xodjat",,,,,,,,,,,,,,
"kiss","целовать","celuesh'","celujet","poceloval","pocelovala","pocelovali","pocelovat'","poceluju",,,,,,,,,,,,,,,,,,,,,,,,,,,,,
"clean (action)","чистить","chistit","ochisti","pochistila","pochistit'",,,,,,,,,,,,,,,,,,,,,,,,,,,,,,,,
"read","читать","chitaem","chitaesh","chitaet","chitaj","chitajut","chital","chitala","chitali","chitat'","pochitaem","pochitaesh","pochitaj","pochitaju","pochitat'","prochitaem","prochitaj","prochitajet","prochitala","prochitali","prochitat'",,,,,,,,,,,,,,,,
"sick","больной","bol'noj",,,,,,,,,,,,,,,,,,,,,,,,,,,,,,,,,,,
"big","большой","bol'shaja","bol'shie","bol'shije","bol'shim","bol'shix","bol'shoe","bol'shoj","bol'shom","bol'shomu","bol'shoy","bol'shuju","bol'shushchij","bol'shye","bol'shyje",,,,,,,,,,,,,,,,,,,,,,
"fast","быстрый","bystro",,,,,,,,,,,,,,,,,,,,,,,,,,,,,,,,,,,
"happy","веселый","veselen'kaja",,,,,,,,,,,,,,,,,,,,,,,,,,,,,,,,,,,
"tasty","вкусный","vkusnaja","vkusnoe","vkusnye","vkusnyj",,,,,,,,,,,,,,,,,,,,,,,,,,,,,,,,
"high","высокий","vysokie","vysokix",,,,,,,,,,,,,,,,,,,,,,,,,,,,,,,,,,
"naked","голый","goloj","golom",,,,,,,,,,,,,,,,,,,,,,,,,,,,,,,,,,
"bitter","горький","gor'kij",,,,,,,,,,,,,,,,,,,,,,,,,,,,,,,,,,,
"hot","горячий","gorjachij","gorjachaja","gorjachee",,,,,,,,,,,,,,,,,,,,,,,,,,,,,,,,,
"loud","громкий","gromche",,,,,,,,,,,,,,,,,,,,,,,,,,,,,,,,,,,
"dirty","грязный","grjaznaja","grjaznoe","grjaznovataja","grjaznye","grjaznyj","grjaznymi",,,,,,,,,,,,,,,,,,,,,,,,,,,,,,
"long","длинный","dlinnaja",,,,,,,,,,,,,,,,,,,,,,,,,,,,,,,,,,,
"nice","добрый","dobroe","dobroj","dobroje",,,,,,,,,,,,,,,,,,,,,,,,,,,,,,,,,
"toy (description)","игрушечный","igrushechnogo","igrushechnyj",,,,,,,,,,,,,,,,,,,,,,,,,,,,,,,,,,
"sour","кислый","kisloe",,,,,,,,,,,,,,,,,,,,,,,,,,,,,,,,,,,
"pretty","красивый","krasivaja","krasivoe","krasivoj","krasivoje","krasivuju","krasivye","krasivyj","krasivyje",,,,,,,,,,,,,,,,,,,,,,,,,,,,
"little (description)","маленький","malen'kaja","malen'kie","malen'kij","malen'kije","malen'kim","malen'kix","malen'koe","malen'kogo","malen'koj","malen'kom","malen'komu","malen'kuju","malen'laja","malenkij","malenkuju","maljusen'kij",,,,,,,,,,,,,,,,,,,,
"wet (description)","мокрый","mokraja","mokrye","mokryj","mokrym",,,,,,,,,,,,,,,,,,,,,,,,,,,,,,,,
"real","настоящий","nastojashchaja","nastojashchee","nastojashchij",,,,,,,,,,,,,,,,,,,,,,,,,,,,,,,,,
"new","новый","novaja","novem","novoe","novuju","novyj",,,,,,,,,,,,,,,,,,,,,,,,,,,,,,,
"bad","плохой","ploxaja","ploxie","ploxix","ploxogo","ploxoj",,,,,,,,,,,,,,,,,,,,,,,,,,,,,,,
"full","полный","polnyj",,,,,,,,,,,,,,,,,,,,,,,,,,,,,,,,,,,
"similar","похожий","poxozha","poxozhe",,,,,,,,,,,,,,,,,,,,,,,,,,,,,,,,,,
"empty","пустой","pustaja",,,,,,,,,,,,,,,,,,,,,,,,,,,,,,,,,,,
"strong","сильный","sil'nye","sil'nyj",,,,,,,,,,,,,,,,,,,,,,,,,,,,,,,,,,
"sweet","сладкий","sladkaja","sladkij",,,,,,,,,,,,,,,,,,,,,,,,,,,,,,,,,,
"broken","сломанный","slomannaja","slomano","slomany",,,,,,,,,,,,,,,,,,,,,,,,,,,,,,,,,
"salty","соленый","solenaja",,,,,,,,,,,,,,,,,,,,,,,,,,,,,,,,,,,
"old","старый","staryj",,,,,,,,,,,,,,,,,,,,,,,,,,,,,,,,,,,
"dry (description)","сухой","suxaja","suxie","suximi","suxoe",,,,,,,,,,,,,,,,,,,,,,,,,,,,,,,,
"warm","теплый","teplaja","teplen'kij","teploe",,,,,,,,,,,,,,,,,,,,,,,,,,,,,,,,,
"fat","толстый","tolstaja","tolstyj",,,,,,,,,,,,,,,,,,,,,,,,,,,,,,,,,,
"heavy","тяжелый","tjazhelaja",,,,,,,,,,,,,,,,,,,,,,,,,,,,,,,,,,,
"smart","умный","umnaja",,,,,,,,,,,,,,,,,,,,,,,,,,,,,,,,,,,
"cold","холодный","xolodnye","xolodnyj",,,,,,,,,,,,,,,,,,,,,,,,,,,,,,,,,,
"good","хороший","xoroshaja","xoroshie","xoroshij","xoroshix","luchshee",,,,,,,,,,,,,,,,,,,,,,,,,,,,,,,
"clean (description)","чистый","chistaja","chisten'kij","chisten'kix","chisten'koe","chisten'kuju","chistoe","chistye","chistyj",,,,,,,,,,,,,,,,,,,,,,,,,,,,
"white","белый","beloj","belye","belyj","belyje",,,,,,,,,,,,,,,,,,,,,,,,,,,,,,,,
"yellow","желтый","prezheltuju","zheltaja","zhelten'kaja","zhelten'kie","zhelten'koe","zhelten'kuju","zheltogo","zheltoj","zheltuju","zheltye","zheltyj","zheltym",,,,,,,,,,,,,,,,,,,,,,,,
"green","зеленый","zelenaja","zelenen'kaja","zelenen'kie","zelenen'koe","zelenkoj","zelenoj","zelenye","zelenyj","zeljonaja","zeljonen'kaja","zeljonoj","zeljonoje","zeljonye","zeljonyj","zeljonyje",,,,,,,,,,,,,,,,,,,,,
"brown","коричневый","korichnevye",,,,,,,,,,,,,,,,,,,,,,,,,,,,,,,,,,,
"red","красный","ktasnaja","krasnaja","krasnen'kaja","krasnen'kie","krasnen'kix","krasnen'kogo","krasnoj","krasnoje","krasnuje","krasnuju","krasnye","krasnyj","krasnym",,,,,,,,,,,,,,,,,,,,,,,
"orange (description)","оранжевый","oranzhevaja",,,,,,,,,,,,,,,,,,,,,,,,,,,,,,,,,,,
"blue","синий","sinego","sinen'kij","sinie","sinij","sinim",,,,,,,,,,,,,,,,,,,,,,,,,,,,,,,
"black","черный","chernen'kie","chernen'kije","chernen'kijto","chernoe","chernogo","chernye",,,,,,,,,,,,,,,,,,,,,,,,,,,,,,
"painfully","больно","bol'no",,,,,,,,,,,,,,,,,,,,,,,,,,,,,,,,,,,
"quickly","быстро","bystree","bystrej","bystren'ko","bystrenko","bystro",,,,,,,,,,,,,,,,,,,,,,,,,,,,,,,
"tastily","вкусно","vkusno",,,,,,,,,,,,,,,,,,,,,,,,,,,,,,,,,,,
"together","вместе","vmeste",,,,,,,,,,,,,,,,,,,,,,,,,,,,,,,,,,,
"hotly","горячо","gorjachee",,,,,,,,,,,,,,,,,,,,,,,,,,,,,,,,,,,
"loudly","громко","gromko","gromche",,,,,,,,,,,,,,,,,,,,,,,,,,,,,,,,,,
"dirtily","грязно","grjazno",,,,,,,,,,,,,,,,,,,,,,,,,,,,,,,,,,,
"beautifully","красиво","krasivo",,,,,,,,,,,,,,,,,,,,,,,,,,,,,,,,,,,
"in no way","никак","nikak",,,,,,,,,,,,,,,,,,,,,,,,,,,,,,,,,,,
"again","опять","opat'","opjat","opjat'",,,,,,,,,,,,,,,,,,,,,,,,,,,,,,,,,
"carefully","осторожно","ostorozhno",,,,,,,,,,,,,,,,,,,,,,,,,,,,,,,,,,,
"badly","плохо","ploxo","xuzhe",,,,,,,,,,,,,,,,,,,,,,,,,,,,,,,,,,
"totally","совсем","sovsem","nasovsem",,,,,,,,,,,,,,,,,,,,,,,,,,,,,,,,,,
"darkly","темно","temno",,,,,,,,,,,,,,,,,,,,,,,,,,,,,,,,,,,
"warmly","тепло","teplo",,,,,,,,,,,,,,,,,,,,,,,,,,,,,,,,,,,
"quietly","тихо/тише","tixo","tish",,,,,,,,,,,,,,,,,,,,,,,,,,,,,,,,,,
"heavily","тяжело","tjazhelo",,,,,,,,,,,,,,,,,,,,,,,,,,,,,,,,,,,
"coldly","холодно","xolodno",,,,,,,,,,,,,,,,,,,,,,,,,,,,,,,,,,,
"well (modifier)","хорошо","xorosho","luchshe",,,,,,,,,,,,,,,,,,,,,,,,,,,,,,,,,,
"cleanly","чисто","chisto",,,,,,,,,,,,,,,,,,,,,,,,,,,,,,,,,,,
"day","день","den'",,,,,,,,,,,,,,,,,,,,,,,,,,,,,,,,,,,
"night","ночь","noch'","nochi",,,,,,,,,,,,,,,,,,,,,,,,,,,,,,,,,,
"morning","утро","utra","utro",,,,,,,,,,,,,,,,,,,,,,,,,,,,,,,,,,
"evening","вечером","vecherom",,,,,,,,,,,,,,,,,,,,,,,,,,,,,,,,,,,
"day","днем","dnem",,,,,,,,,,,,,,,,,,,,,,,,,,,,,,,,,,,
"night","ночью","noch'ju",,,,,,,,,,,,,,,,,,,,,,,,,,,,,,,,,,,
"morning","утром","utrom",,,,,,,,,,,,,,,,,,,,,,,,,,,,,,,,,,,
"yesterday","вчера","vchera",,,,,,,,,,,,,,,,,,,,,,,,,,,,,,,,,,,
"today","сегодня","segodnja",,,,,,,,,,,,,,,,,,,,,,,,,,,,,,,,,,,
"tomorrow","завтра","zavra","zavtra",,,,,,,,,,,,,,,,,,,,,,,,,,,,,,,,,,
"later","потом","potom",,,,,,,,,,,,,,,,,,,,,,,,,,,,,,,,,,,
"now","сейчас","sejchas","sejchasto","sejas",,,,,,,,,,,,,,,,,,,,,,,,,,,,,,,,,
"early","рано","rano",,,,,,,,,,,,,,,,,,,,,,,,,,,,,,,,,,,
"soon","скоро","skoro","skoree","skorej",,,,,,,,,,,,,,,,,,,,,,,,,,,,,,,,,
"i","я","ja",,,,,,,,,,,,,,,,,,,,,,,,,,,,,,,,,,,
"you","ты","ty","ti","dy",,,,,,,,,,,,,,,,,,,,,,,,,,,,,,,,,
"we","мы","my",,,,,,,,,,,,,,,,,,,,,,,,,,,,,,,,,,,
"you [plural]","вы","vy",,,,,,,,,,,,,,,,,,,,,,,,,,,,,,,,,,,
"he","он","on",,,,,,,,,,,,,,,,,,,,,,,,,,,,,,,,,,,
"she","она","ona",,,,,,,,,,,,,,,,,,,,,,,,,,,,,,,,,,,
"they","они","oni",,,,,,,,,,,,,,,,,,,,,,,,,,,,,,,,,,,
"me","меня","menja",,,,,,,,,,,,,,,,,,,,,,,,,,,,,,,,,,,
"you","тебя","tebja","tebjato","tebyja",,,,,,,,,,,,,,,,,,,,,,,,,,,,,,,,,
"us","нас","nas",,,,,,,,,,,,,,,,,,,,,,,,,,,,,,,,,,,
"you [plural]","вас","vas",,,,,,,,,,,,,,,,,,,,,,,,,,,,,,,,,,,
"his","его","ego","ejo","jego",,,,,,,,,,,,,,,,,,,,,,,,,,,,,,,,,
"her","ее (genitive)","ee",,,,,,,,,,,,,,,,,,,,,,,,,,,,,,,,,,,
"them","их (genitive)","ix",,,,,,,,,,,,,,,,,,,,,,,,,,,,,,,,,,,
"me","мне","mne","mme",,,,,,,,,,,,,,,,,,,,,,,,,,,,,,,,,,
"you","тебе","tebe","tbe","te",,,,,,,,,,,,,,,,,,,,,,,,,,,,,,,,,
"us","нам","nami","nam",,,,,,,,,,,,,,,,,,,,,,,,,,,,,,,,,,
"you [plural]","вам","vam",,,,,,,,,,,,,,,,,,,,,,,,,,,,,,,,,,,
"him","ему","jemu",,,,,,,,,,,,,,,,,,,,,,,,,,,,,,,,,,,
"her","ей","ej",,,,,,,,,,,,,,,,,,,,,,,,,,,,,,,,,,,
"them","им","im",,,,,,,,,,,,,,,,,,,,,,,,,,,,,,,,,,,
"my","мой/моя","moi","moj","moja","mojo",,,,,,,,,,,,,,,,,,,,,,,,,,,,,,,,
"your","твой","tvoe","tvoego","tvoej","tvoi","tvoix","tvoj","tvoja","tvoji","tvojo","tvoju",,,,,,,,,,,,,,,,,,,,,,,,,,
"our","наш","nash","nasha","nashej","nashi",,,,,,,,,,,,,,,,,,,,,,,,,,,,,,,,
"your","ваш","vashego",,,,,,,,,,,,,,,,,,,,,,,,,,,,,,,,,,,
"his","его","ego","ejo","jego",,,,,,,,,,,,,,,,,,,,,,,,,,,,,,,,,
"hers","ее (possessive)","ee",,,,,,,,,,,,,,,,,,,,,,,,,,,,,,,,,,,
"theirs","их (possessive)","ix",,,,,,,,,,,,,,,,,,,,,,,,,,,,,,,,,,,
"same","такой/такой же/такая","takaja","taki","takie","takije","takoe","takogo","takoj","takoje","takom","takuju",,,,,,,,,,,,,,,,,,,,,,,,,,
"that","тот/та/те","tot","toj","te","tem","ta","tu","to","togo","tomu","tom","toto",,,,,,,,,,,,,,,,,,,,,,,,,
"this","это/этот/эти","æt","æta","æti","ætim","ætimi","ætix","æto","ætogo","ætoj","ætom","ætot","ætu",,,,,,,,,,,,,,,,,,,,,,,,
"myself","сам/сама","sam","sama","sami","samoe","samoj","samym",,,,,,,,,,,,,,,,,,,,,,,,,,,,,,
"where (question)","где?","gde","gdeto",,,,,,,,,,,,,,,,,,,,,,,,,,,,,,,,,,
"why","зачем?","zachem",,,,,,,,,,,,,,,,,,,,,,,,,,,,,,,,,,,
"how","как?","kak",,,,,,,,,,,,,,,,,,,,,,,,,,,,,,,,,,,
"which (question)","какой?","kakaja","kakajato","kakie","kakieto","kakije","kakiju","kakim","kakimi","kakix","kakoe","kakoeto","kakogo","kakoj","kakom","kakuju",,,,,,,,,,,,,,,,,,,,,
"when (question)","когда?","kogda","kodga",,,,,,,,,,,,,,,,,,,,,,,,,,,,,,,,,,
"who","кто?","kogo","kto","komu","kem","kom",,,,,,,,,,,,,,,,,,,,,,,,,,,,,,,
"where (question)","куда?","kuda","kude","kudo",,,,,,,,,,,,,,,,,,,,,,,,,,,,,,,,,
"why","почему?","pochemu","pochemuto",,,,,,,,,,,,,,,,,,,,,,,,,,,,,,,,,,
"how much","сколько?","skol'ko",,,,,,,,,,,,,,,,,,,,,,,,,,,,,,,,,,,
"whose","чей?","chej",,,,,,,,,,,,,,,,,,,,,,,,,,,,,,,,,,,
"what","что?","chego","chegoto","chto","koechego","koe","chemu","chem","chom","cho","ctho",,,,,,,,,,,,,,,,,,,,,,,,,,
"in","в (напр. в магазин; в доме)","v",,,,,,,,,,,,,,,,,,,,,,,,,,,,,,,,,,,
"behind","за (напр. за папой)","za",,,,,,,,,,,,,,,,,,,,,,,,,,,,,,,,,,,
"out","из (напр. из чашки)","iz","izo","izza",,,,,,,,,,,,,,,,,,,,,,,,,,,,,,,,,
"to","к (напр. к маме)","ko","k","ka",,,,,,,,,,,,,,,,,,,,,,,,,,,,,,,,,
"on","на (напр. на столе)","na","nj",,,,,,,,,,,,,,,,,,,,,,,,,,,,,,,,,,
"before","перед (напр. перед домом)","pered",,,,,,,,,,,,,,,,,,,,,,,,,,,,,,,,,,,
"along","по (напр. по столу)","po",,,,,,,,,,,,,,,,,,,,,,,,,,,,,,,,,,,
"on top of","наверх/наверху","naverxzu",,,,,,,,,,,,,,,,,,,,,,,,,,,,,,,,,,,
"down","вниз/внизу","vniz","vnizu",,,,,,,,,,,,,,,,,,,,,,,,,,,,,,,,,,
"there","вон","von",,,,,,,,,,,,,,,,,,,,,,,,,,,,,,,,,,,
"here","вот","vot",,,,,,,,,,,,,,,,,,,,,,,,,,,,,,,,,,,
"forward","вперед/впереди","vpered","vperedi",,,,,,,,,,,,,,,,,,,,,,,,,,,,,,,,,,
"high","высоко","vysoko",,,,,,,,,,,,,,,,,,,,,,,,,,,,,,,,,,,
"backward","назад","nazad",,,,,,,,,,,,,,,,,,,,,,,,,,,,,,,,,,,
"from here","отсюда","otsuda",,,,,,,,,,,,,,,,,,,,,,,,,,,,,,,,,,,
"from there","оттуда","ottuda",,,,,,,,,,,,,,,,,,,,,,,,,,,,,,,,,,,
"beside","рядом","rjadochkom","rjadom",,,,,,,,,,,,,,,,,,,,,,,,,,,,,,,,,,
"to here","сюда","sjuda","otsuda",,,,,,,,,,,,,,,,,,,,,,,,,,,,,,,,,,
"there","там","tam",,,,,,,,,,,,,,,,,,,,,,,,,,,,,,,,,,,
"under","под (напр. по стулом)","pod",,,,,,,,,,,,,,,,,,,,,,,,,,,,,,,,,,,
"[possessive]","у (напр. у Ани)","u",,,,,,,,,,,,,,,,,,,,,,,,,,,,,,,,,,,
"near","близко/ближе","blizko","poblizhe",,,,,,,,,,,,,,,,,,,,,,,,,,,,,,,,,,
"far","далеко","daleko","dal'she",,,,,,,,,,,,,,,,,,,,,,,,,,,,,,,,,,
"home","домой","domoj",,,,,,,,,,,,,,,,,,,,,,,,,,,,,,,,,,,
"here","здесь","zdes","zdes'","zdes'to",,,,,,,,,,,,,,,,,,,,,,,,,,,,,,,,,
"to there","туда","ottuda","tuda",,,,,,,,,,,,,,,,,,,,,,,,,,,,,,,,,,
"here","тут","tut","tutochek",,,,,,,,,,,,,,,,,,,,,,,,,,,,,,,,,,
"all","все","vse","vsex","vsego","vsem","vsju","vsja","vsje","vsjo",,,,,,,,,,,,,,,,,,,,,,,,,,,,
"all gone","всё (в знач. нет кончилось)","vsjo",,,,,,,,,,,,,,,,,,,,,,,,,,,,,,,,,,,
"more","еще","ehcho","esche","escho","esh'","eshchce","eshche","eshchno","eshcho","eshco","esho","eshshe","eshsho",,,,,,,,,,,,,,,,,,,,,,,,
"another","другой","drugaja","drugie","drugije","drugim","drugimi","drugix","drugoe","drugogo","drugoj","drugoje","druguju",,,,,,,,,,,,,,,,,,,,,,,,,
"little (amount)","мало","malo",,,,,,,,,,,,,,,,,,,,,,,,,,,,,,,,,,,
"a lot","много","mnogimi","mnogo","nemnogo","nemnozhechko","nemnozhko","nemozhko",,,,,,,,,,,,,,,,,,,,,,,,,,,,,,
"some","несколько","neskol'ko",,,,,,,,,,,,,,,,,,,,,,,,,,,,,,,,,,,
"none","нет (amount)","net","netnet","neto","netu","nea","ne",,,,,,,,,,,,,,,,,,,,,,,,,,,,,,
"enough","хватит","xvatit",,,,,,,,,,,,,,,,,,,,,,,,,,,,,,,,,,,
"a little","чуть-чуть","chut'","chut'chut'",,,,,,,,,,,,,,,,,,,,,,,,,,,,,,,,,,
"one","один","odin","odna","odni","odnim","odno","odnogo","odnoj","odnu","raz","razdva",,,,,,,,,,,,,,,,,,,,,,,,,,
"two","два","razdva","dva","dve","dvoe","dvux",,,,,,,,,,,,,,,,,,,,,,,,,,,,,,,
"three","три","tri","trex","tret'ja","tret'ju",,,,,,,,,,,,,,,,,,,,,,,,,,,,,,,,
"four","четыре","chetyre","chetyrex",,,,,,,,,,,,,,,,,,,,,,,,,,,,,,,,,,
"five","пять","pjat'",,,,,,,,,,,,,,,,,,,,,,,,,,,,,,,,,,,
"but","а","a",,,,,,,,,,,,,,,,,,,,,,,,,,,,,,,,,,,
"where (conjunction)","где","gdeto","gde",,,,,,,,,,,,,,,,,,,,,,,,,,,,,,,,,,
"if","если","is","esli",,,,,,,,,,,,,,,,,,,,,,,,,,,,,,,,,,
"and","и","i","ia",,,,,,,,,,,,,,,,,,,,,,,,,,,,,,,,,,
"or","или","ili","iji",,,,,,,,,,,,,,,,,,,,,,,,,,,,,,,,,,
"as","как","kak",,,,,,,,,,,,,,,,,,,,,,,,,,,,,,,,,,,
"which (conjunction)","какой","kakaja","kakajato","kakie","kakieto","kakije","kakiju","kakim","kakimi","kakix","kakoe","kakoeto","kakogo","kakoj","kakom","kakuju",,,,,,,,,,,,,,,,,,,,,
"when (conjunction)","когда","kogda",,,,,,,,,,,,,,,,,,,,,,,,,,,,,,,,,,,
"which (conjunction)","который","kotojara","kotoraja","kotoroe","kotoroj","kotorom","kotorujju","kotoruju","kotorye","kotoryj","kotorymi",,,,,,,,,,,,,,,,,,,,,,,,,,
"but","но","no",,,,,,,,,,,,,,,,,,,,,,,,,,,,,,,,,,,
"also","тоже","tozhe",,,,,,,,,,,,,,,,,,,,,,,,,,,,,,,,,,,
"that","что","chto",,,,,,,,,,,,,,,,,,,,,,,,,,,,,,,,,,,
"in order to","чтобы","chtob","chtoby",,,,,,,,,,,,,,,,,,,,,,,,,,,,,,,,,,
"kangaroo","кенгуру","kenguru",,,,,,,,,,,,,,,,,,,,,,,,,,,,,,,,,,,
"bib","нагрудник","nagrudnik","nagrudnika",,,,,,,,,,,,,,,,,,,,,,,,,,,,,,,,,,
"diaper","памперс","dejpersov","dejpersy","dejpersyi",,,,,,,,,,,,,,,,,,,,,,,,,,,,,,,,,
"medicine","лекарство/таблетка","lekarstva","lekarstvo","lekarstvoj","tabletku",,,,,,,,,,,,,,,,,,,,,,,,,,,,,,,,
"tissue","платок (носовой)","platochek","platok",,,,,,,,,,,,,,,,,,,,,,,,,,,,,,,,,,
"here you go","на (возьми)","na","nj",,,,,,,,,,,,,,,,,,,,,,,,,,,,,,,,,,
"need","надо/нужно","nado","nuzhen","nuzhna","nuzhno","nuzhny",,,,,,,,,,,,,,,,,,,,,,,,,,,,,,,
"peekaboo","ку-ку","kuku",,,,,,,,,,,,,,,,,,,,,,,,,,,,,,,,,,,
"me","мне/меня","mne","mme","menja",,,,,,,,,,,,,,,,,,,,,,,,,,,,,,,,,
"you","тебе/ты","tebe","tbe","te","ty","ti","dy",,,,,,,,,,,,,,,,,,,,,,,,,,,,,,
"up","вверх/вверху/наверх/наверху","naverxzu","vverx",,,,,,,,,,,,,,,,,,,,,,,,,,,,,,,,,,
"chicken (animal)","курочка","kurice","kuricu","kurochka","kurochki",,,,,,,,,,,,,,,,,,,,,,,,,,,,,,,,
"thank you","спасибо","spasibo","spasiboto",,,,,,,,,,,,,,,,,,,,,,,,,,,,,,,,,,
"hug","обнять","obnimaet","obnimaju","obnimi","obnjala",,,,,,,,,,,,,,,,,,,,,,,,,,,,,,,,
"bring","принести","otnesti","ponesjot","ponesu","prines","prinesesh'","prineset","prinesi","prinesjom","prinesla","prinesu","prinise","prinisi","prinosit","neset","nesi","nesu","otnesla",,,,,,,,,,,,,,,,,,,
"dress (action)","одеть","odel","odelsja","odenesh","odenesh'","odenu","odet","odet'","odevaet","odevaetsja","odevajet","odevajsja","odevajutsja","odevat'","odevat'sja","odevatsja","pereodet'",,,,,,,,,,,,,,,,,,,,
"in","в (напр./в ведро)","v",,,,,,,,,,,,,,,,,,,,,,,,,,,,,,,,,,,
"to","к (напр./к маме)","ko","k","ka",,,,,,,,,,,,,,,,,,,,,,,,,,,,,,,,,
"on","на (напр./на столе)","na","nj",,,,,,,,,,,,,,,,,,,,,,,,,,,,,,,,,,
"under","под (напр./под стулом)","pod",,,,,,,,,,,,,,,,,,,,,,,,,,,,,,,,,,,
